name_with_owner,stars,created_at,updated_at,pull_requests,total_releases,primary_language,open_issues,closed_issues,percentual
sindresorhus/awesome,292792,2014-07-11,2024-03-06,641,0,,22,312,93.41317365269461
public-apis/public-apis,284464,2016-03-20,2024-03-06,1871,0,Python,11,548,98.03220035778175
codecrafters-io/build-your-own-x,248830,2018-05-09,2024-03-06,133,0,,177,426,70.64676616915423
vuejs/vue,206492,2013-07-29,2024-03-06,1133,249,TypeScript,356,9657,96.44462199141117
tensorflow/tensorflow,181152,2015-11-07,2024-03-06,16442,202,C++,1896,36889,95.1115121825448
CyC2018/CS-Notes,171029,2018-02-13,2024-03-06,375,0,,130,446,77.43055555555556
airbnb/javascript,140704,2012-11-01,2024-03-06,802,0,JavaScript,90,1205,93.05019305019306
Chalarangelo/30-seconds-of-code,118408,2017-11-29,2024-03-06,816,8,JavaScript,0,294,100.0
golang/go,118347,2014-08-19,2024-03-06,1,0,Go,8672,51916,85.68693470654254
facebook/react-native,114950,2015-01-09,2024-03-06,801,303,C++,814,24669,96.8057136129969
justjavac/free-programming-books-zh_CN,108503,2013-11-04,2024-03-06,282,3,,0,0,0.0
angular/angular,94022,2014-09-18,2024-03-06,3517,358,TypeScript,1392,25540,94.83142729838112
ant-design/ant-design,89618,2015-04-24,2024-03-06,13124,638,TypeScript,968,27818,96.63725422080178
puppeteer/puppeteer,86304,2017-05-09,2024-03-06,4266,359,TypeScript,297,6265,95.47394087168546
iluwatar/java-design-patterns,85941,2014-08-09,2024-03-06,1226,0,Java,200,699,77.75305895439377
papers-we-love/papers-we-love,82211,2013-12-15,2024-03-06,425,0,Shell,18,218,92.37288135593221
godotengine/godot,81399,2014-01-04,2024-03-06,31285,54,C++,9686,38794,80.02062706270627
animate-css/animate.css,79503,2011-10-12,2024-03-06,315,22,CSS,20,838,97.66899766899768
fatedier/frp,77875,2015-12-21,2024-03-06,569,91,Go,85,3119,97.34706616729089
iptv-org/iptv,76647,2018-11-14,2024-03-06,6137,0,JavaScript,13,7509,99.82717362403616
laravel/laravel,76247,2011-06-08,2024-03-06,1558,155,PHP,0,0,0.0
nvm-sh/nvm,74385,2010-04-15,2024-03-06,705,66,Shell,346,1747,83.46870520783565
florinpop17/app-ideas,73745,2019-02-25,2024-03-06,149,0,,103,41,28.47222222222222
typicode/json-server,70696,2013-11-27,2024-03-06,117,34,JavaScript,580,532,47.84172661870504
vuejs/awesome-vue,70614,2015-10-20,2024-03-06,3463,0,,33,188,85.06787330316742
jaywcjlove/awesome-mac,69601,2016-07-17,2024-03-06,825,7,JavaScript,100,297,74.81108312342569
tiangolo/fastapi,68955,2018-12-08,2024-03-06,1693,177,Python,41,3352,98.79162982611258
oven-sh/bun,68644,2021-04-14,2024-03-06,2591,123,Zig,2279,3304,59.17965251656815
elastic/elasticsearch,66937,2010-02-08,2024-03-06,61888,138,Java,4151,30290,87.94750442786214
mermaid-js/mermaid,65671,2014-11-01,2024-03-06,1965,120,JavaScript,850,1888,68.95544192841491
CompVis/stable-diffusion,64120,2022-08-10,2024-03-06,5,0,Jupyter Notebook,495,186,27.312775330396477
Developer-Y/cs-video-courses,63580,2016-10-21,2024-03-06,138,0,,0,130,100.0
redis/redis,63560,2009-03-21,2024-03-06,3678,65,C,1969,4385,69.01164620711363
ChatGPTNextWeb/ChatGPT-Next-Web,63392,2023-03-10,2024-03-06,542,57,TypeScript,151,2214,93.61522198731501
expressjs/express,63361,2009-06-26,2024-03-06,275,148,JavaScript,132,3667,96.5254014214267
josephmisiti/awesome-machine-learning,62930,2014-07-15,2024-03-06,819,0,Python,0,86,100.0
bregman-arie/devops-exercises,62423,2019-10-03,2024-03-06,261,0,Python,22,56,71.7948717948718
enaqx/awesome-react,61170,2014-08-06,2024-03-06,775,0,,4,99,96.11650485436894
twitter/the-algorithm,60910,2023-03-27,2024-03-06,2,0,Scala,250,665,72.6775956284153
grafana/grafana,59585,2013-12-11,2024-03-06,40078,413,TypeScript,3681,31064,89.40566988055836
kelseyhightower/nocode,58938,2018-02-06,2024-03-06,1,1,Dockerfile,3942,649,14.136353735569593
python/cpython,58685,2017-02-10,2024-03-06,40545,0,Python,6916,59741,89.62449555185502
scikit-learn/scikit-learn,57578,2010-08-17,2024-03-06,11767,39,Python,1638,9090,84.73154362416108
awesomedata/awesome-public-datasets,57934,2014-11-20,2024-03-06,188,1,,66,47,41.5929203539823
ventoy/Ventoy,56808,2020-03-10,2024-03-06,261,95,C,618,1463,70.30273906775588
3b1b/manim,56668,2015-03-22,2024-03-06,564,10,Python,389,718,64.85998193315267
TheAlgorithms/Java,56095,2016-07-16,2024-03-06,1186,0,Java,9,968,99.07881269191402
h5bp/html5-boilerplate,55817,2010-01-24,2024-03-06,744,33,JavaScript,7,1324,99.4740796393689
sdmg15/Best-websites-a-programmer-should-visit,55687,2017-03-05,2024-03-06,399,0,,55,85,60.71428571428571
ByteByteGoHq/system-design-101,55422,2023-09-18,2024-03-06,21,0,,29,11,27.500000000000004
ocornut/imgui,54481,2014-07-21,2024-03-06,336,94,C++,823,4652,84.96803652968038
fffaraz/awesome-cpp,54295,2014-07-17,2024-03-06,669,0,,342,229,40.10507880910683
azl397985856/leetcode,53401,2018-03-30,2024-03-06,256,40,JavaScript,9,243,96.42857142857143
prakhar1989/awesome-courses,52879,2014-11-15,2024-03-06,194,0,,36,39,52.0
caddyserver/caddy,52678,2015-01-13,2024-03-06,1805,112,Go,107,3635,97.14056654195618
binary-husky/gpt_academic,52497,2023-03-20,2024-03-06,141,27,Python,197,1123,85.07575757575758
prometheus/prometheus,52053,2012-11-24,2024-03-06,5858,288,Go,774,4684,85.81898131183584
remix-run/react-router,51700,2014-05-16,2024-03-06,2060,268,TypeScript,48,7255,99.34273586197453
scrapy/scrapy,50337,2010-02-22,2024-03-06,2094,37,Python,430,2501,85.32923916751962
ionic-team/ionic-framework,50239,2013-08-20,2024-03-06,5465,849,TypeScript,359,21135,98.32976644645018
CorentinJ/Real-Time-Voice-Cloning,50200,2019-05-26,2024-03-06,48,0,Python,175,887,83.52165725047081
sherlock-project/sherlock,49990,2018-12-24,2024-03-06,532,0,Python,72,809,91.82746878547105
deepfakes/faceswap,48701,2017-12-19,2024-03-06,354,4,Python,16,829,98.10650887573964
jekyll/jekyll,48008,2008-10-20,2024-03-06,3123,109,Ruby,105,4682,97.80655943179445
prettier/prettier,47881,2016-11-29,2024-03-06,7903,113,JavaScript,1089,5376,83.15545243619489
tldr-pages/tldr,47722,2013-12-08,2024-03-06,9974,4,Markdown,146,1090,88.18770226537217
ReactiveX/RxJava,47558,2013-01-08,2024-03-06,3180,233,Java,12,3136,99.61880559085134
JetBrains/kotlin,47122,2012-02-13,2024-03-06,2054,219,Kotlin,0,0,0.0
lencx/ChatGPT,46054,2022-12-07,2024-03-06,119,34,Rust,573,325,36.191536748329625
ultralytics/yolov5,45553,2020-05-18,2024-03-06,2068,10,Python,127,8786,98.57511500056097
TryGhost/Ghost,45310,2013-05-04,2024-03-06,10323,750,JavaScript,39,6780,99.42806863176419
ziishaned/learn-regex,44927,2017-07-22,2024-03-05,124,0,,50,35,41.17647058823529
tiimgreen/github-cheat-sheet,44908,2014-04-12,2024-03-06,129,0,,19,45,70.3125
iperov/DeepFaceLab,44772,2018-06-04,2024-03-06,32,2,Python,541,801,59.687034277198215
charlax/professional-programming,44127,2015-11-07,2024-03-06,34,0,Python,0,23,100.0
karan/Projects,43830,2013-07-04,2024-03-06,19,0,,38,33,46.478873239436616
android/architecture-samples,43679,2016-02-05,2024-03-06,222,0,Kotlin,134,341,71.78947368421052
aymericdamien/TensorFlow-Examples,43153,2015-11-11,2024-03-06,88,0,Jupyter Notebook,162,69,29.87012987012987
PowerShell/PowerShell,42952,2016-01-13,2024-03-06,6732,162,C#,810,11150,93.22742474916387
vercel/hyper,42426,2016-07-01,2024-03-06,3246,88,TypeScript,876,2852,76.50214592274678
gorhill/uBlock,42326,2015-04-01,2024-03-06,231,265,JavaScript,12,3436,99.65197215777262
Z4nzu/hackingtool,42204,2020-04-11,2024-03-06,55,0,Python,34,285,89.34169278996865
romkatv/powerlevel10k,41932,2019-02-24,2024-03-06,152,33,Shell,32,2325,98.6423419601188
isocpp/CppCoreGuidelines,41181,2015-08-19,2024-03-06,798,4,Python,239,901,79.03508771929825
nocodb/nocodb,41140,2017-10-29,2024-03-06,2810,130,TypeScript,485,2460,83.5314091680815
poteto/hiring-without-whiteboards,41095,2017-03-15,2024-03-06,1249,0,JavaScript,0,0,0.0
jakevdp/PythonDataScienceHandbook,41042,2016-08-10,2024-03-06,28,0,Jupyter Notebook,113,76,40.21164021164021
dypsilon/frontend-dev-bookmarks,40501,2013-06-22,2024-03-06,129,1,,20,82,80.3921568627451
Asabeneh/30-Days-Of-JavaScript,40493,2019-12-23,2024-03-06,98,0,JavaScript,87,57,39.58333333333333
Alamofire/Alamofire,40389,2014-07-31,2024-03-06,626,98,Swift,34,2697,98.75503478579274
Unitech/pm2,40376,2013-05-21,2024-03-06,543,121,JavaScript,854,4033,82.52506650296706
ruanyf/weekly,40311,2018-10-13,2024-03-06,81,0,,3192,734,18.69587366276108
streamich/react-use,39870,2018-10-27,2024-03-06,1498,254,TypeScript,323,239,42.52669039145908
brillout/awesome-react-components,39704,2016-06-24,2024-03-06,316,0,,5,44,89.79591836734694
akullpp/awesome-java,39436,2014-07-09,2024-03-06,677,0,,1,126,99.21259842519686
type-challenges/type-challenges,39275,2020-07-23,2024-03-06,531,0,TypeScript,28389,3352,10.560473835102863
n8n-io/n8n,39233,2019-06-22,2024-03-06,5682,138,TypeScript,168,1309,88.62559241706161
dcloudio/uni-app,39171,2018-07-12,2024-03-06,234,0,JavaScript,876,3402,79.52314165497896
faif/python-patterns,39127,2012-06-06,2024-03-06,262,0,Python,11,74,87.05882352941177
dkhamsing/open-source-ios-apps,38476,2015-01-26,2024-03-06,1035,37,,0,273,100.0
fighting41love/funNLP,62192,2018-08-21,2024-03-06,14,0,Python,22,47,68.11594202898551
nomic-ai/gpt4all,62095,2023-03-27,2024-03-06,447,10,C++,350,1049,74.98213009292351
leonardomso/33-js-concepts,61411,2018-09-04,2024-03-06,236,0,JavaScript,17,64,79.01234567901234
kdn251/interviews,61342,2017-02-14,2024-03-06,42,0,Java,30,22,42.30769230769231
resume/resume.github.com,61228,2011-02-06,2024-03-06,84,0,JavaScript,54,59,52.21238938053098
keras-team/keras,60578,2015-03-28,2024-03-06,3227,59,Python,185,11439,98.4084652443221
ansible/ansible,60531,2012-03-06,2024-03-06,37715,65,Python,538,31538,98.32273350791868
rustdesk/rustdesk,60470,2020-09-28,2024-03-06,2342,13,Rust,46,2518,98.20592823712948
reduxjs/redux,60318,2015-05-29,2024-03-06,1659,78,TypeScript,39,1994,98.08165272995572
atom/atom,59935,2012-01-20,2024-03-06,3937,538,JavaScript,962,16152,94.37887109968447
microsoft/playwright,59930,2019-11-15,2024-03-06,12041,121,TypeScript,717,11947,94.33828174352496
socketio/socket.io,59892,2010-03-11,2024-03-06,425,61,TypeScript,99,3321,97.10526315789474
adam-p/markdown-here,59400,2012-05-13,2024-03-06,20,11,JavaScript,302,308,50.49180327868853
Anduin2017/HowToCook,59275,2020-02-29,2024-03-06,483,1,Shell,354,271,43.36
hoppscotch/hoppscotch,59178,2019-08-21,2024-03-06,1356,37,TypeScript,288,1076,78.88563049853371
strapi/strapi,59157,2015-09-30,2024-03-06,7651,330,TypeScript,511,8346,94.23055210567912
xingshaocheng/architect-awesome,59066,2018-04-06,2024-03-06,49,0,,48,22,31.428571428571427
angular/angular.js,58968,2010-01-06,2024-03-06,789,0,JavaScript,391,8648,95.67430025445293
lydiahallie/javascript-questions,58938,2019-06-12,2024-03-06,324,0,,5,225,97.82608695652173
2dust/v2rayN,58813,2019-07-30,2024-03-06,125,167,C#,21,4034,99.48212083847102
jquery/jquery,58748,2009-04-03,2024-03-06,690,9,JavaScript,72,2229,96.87092568448502
h5bp/Front-end-Developer-Interview-Questions,58665,2012-02-09,2024-03-06,471,0,Nunjucks,36,138,79.3103448275862
lodash/lodash,58580,2012-04-07,2024-03-06,577,2,JavaScript,42,4180,99.00521080056845
syncthing/syncthing,58485,2013-11-26,2024-03-06,2485,363,Go,330,5021,93.83292842459353
apache/echarts,58448,2013-04-03,2024-03-06,1268,114,TypeScript,2197,15628,87.67461430575035
FuelLabs/sway,58368,2021-01-19,2024-03-06,2690,126,Rust,638,1980,75.63025210084034
junegunn/fzf,58306,2013-10-23,2024-03-06,441,36,Go,296,2282,88.51823118696664
shadowsocks/shadowsocks-windows,57818,2013-01-14,2024-03-06,278,55,C#,160,2733,94.46940891807813
awesomedata/awesome-public-datasets,57934,2014-11-20,2024-03-06,188,1,,66,47,41.5929203539823
apache/superset,57318,2015-07-21,2024-03-06,12050,187,TypeScript,646,9365,93.54709819198881
openai/whisper,57124,2022-09-16,2024-03-06,95,10,Python,0,0,0.0
tesseract-ocr/tesseract,56923,2014-08-12,2024-03-06,1339,28,C++,394,2189,84.74641889276036
chrislgarry/Apollo-11,56175,2014-04-03,2024-03-06,324,0,Assembly,61,316,83.81962864721486
swisskyrepo/PayloadsAllTheThings,55785,2016-10-18,2024-03-06,508,2,Python,0,0,0.0
bradtraversy/design-resources-for-developers,55435,2020-05-06,2024-03-06,884,0,,0,91,100.0
sindresorhus/awesome-nodejs,55152,2014-07-11,2024-03-06,405,0,,1,100,99.00990099009901
gatsbyjs/gatsby,54969,2015-05-21,2024-03-06,18066,134,JavaScript,163,13859,98.83754100698901
spring-projects/spring-framework,54655,2010-12-08,2024-03-06,823,282,Java,276,24624,98.89156626506023
rails/rails,54611,2008-04-11,2024-03-06,22959,114,Ruby,490,16628,97.13751606496086
d2l-ai/d2l-zh,54607,2017-08-23,2024-03-06,1020,16,Python,0,0,0.0
obsproject/obs-studio,54487,2013-10-01,2024-03-06,4423,196,C,450,3196,87.65770707624795
openai/openai-cookbook,54469,2022-03-11,2024-03-06,459,0,MDX,25,297,92.2360248447205
xtekky/gpt4free,54177,2023-03-29,2024-03-06,449,80,Python,81,893,91.68377823408625
Eugeny/tabby,54142,2016-12-23,2024-03-06,1443,183,TypeScript,1734,3035,63.64017613755504
ElemeFE/element,53891,2016-09-03,2024-03-06,3229,145,Vue,2429,15223,86.23951960117834
scutan90/DeepLearning-500-questions,52736,2018-06-27,2024-03-06,302,0,JavaScript,105,80,43.24324324324324
danielmiessler/SecLists,52598,2012-02-19,2024-03-06,559,23,PHP,20,221,91.70124481327801
ggerganov/llama.cpp,52362,2023-03-10,2024-03-06,1947,1500,C++,1050,1330,55.88235294117647
binhnguyennus/awesome-scalability,52225,2017-12-27,2024-03-06,32,0,,0,0,0.0
facebook/docusaurus,51830,2017-06-20,2024-03-06,4960,137,TypeScript,262,2660,91.03353867214237
alacritty/alacritty,51776,2016-02-18,2024-03-06,1739,91,Rust,304,5194,94.470716624227
necolas/normalize.css,51630,2011-05-04,2024-03-06,56,0,CSS,45,461,91.10671936758892
localstack/localstack,51530,2016-10-25,2024-03-06,4563,73,Python,301,4919,94.23371647509579
ageitgey/face_recognition,51268,2017-03-03,2024-03-06,94,2,Python,730,584,44.44444444444444
psf/requests,51118,2011-02-13,2024-03-06,1532,8,Python,201,3680,94.82092244266941
Semantic-Org/Semantic-UI,50943,2013-04-08,2024-03-06,356,154,JavaScript,966,5256,84.47444551591128
shadcn-ui/ui,50934,2023-01-04,2024-03-06,293,16,TypeScript,539,1028,65.60306317804722
nuxt/nuxt,50909,2016-10-26,2024-03-06,4412,212,TypeScript,937,13138,93.34280639431616
facebookresearch/llama,50655,2023-02-14,2024-03-06,47,0,Python,291,580,66.59012629161883
Solido/awesome-flutter,50550,2017-05-07,2024-03-06,420,0,Dart,0,0,0.0
ryanoasis/nerd-fonts,50161,2014-12-05,2024-03-06,419,34,CSS,45,858,95.01661129568106
Alvin9999/new-pac,49954,2016-03-23,2024-03-06,0,0,,384,1153,75.01626545217958
google/material-design-icons,49529,2014-10-08,2024-03-06,44,16,,289,1080,78.88970051132213
gpt-engineer-org/gpt-engineer,49427,2023-04-29,2024-03-06,277,18,Python,26,400,93.89671361502347
FuelLabs/fuel-core,49187,2020-08-27,2024-03-06,867,78,Rust,150,509,77.2382397572079
google/guava,49184,2014-05-29,2024-03-06,489,42,Java,638,2899,81.96211478654227
git/git,49037,2008-07-23,2024-03-06,3,0,C,0,0,0.0
soimort/you-get,49026,2012-08-20,2024-03-06,572,118,Python,0,0,0.0
PlexPt/awesome-chatgpt-prompts-zh,48932,2022-12-12,2024-03-06,30,0,,38,54,58.69565217391305
wasabeef/awesome-android-ui,48692,2014-12-24,2024-03-06,90,0,,13,92,87.61904761904762
nektos/act,48656,2019-01-02,2024-03-06,866,68,Go,185,868,82.43114909781576
juliangarnier/anime,48381,2016-03-13,2024-03-06,72,15,JavaScript,200,506,71.671388101983
imartinez/privateGPT,48195,2023-05-02,2024-03-06,139,6,Python,116,833,87.77660695468916
jgthms/bulma,47988,2016-01-23,2024-03-06,611,17,CSS,217,2291,91.34768740031897
moment/moment,47746,2011-03-01,2024-03-06,714,0,JavaScript,203,3893,95.0439453125
rust-lang/rustlings,47604,2015-09-15,2024-03-06,793,39,Rust,132,433,76.63716814159291
NARKOZ/hacker-scripts,47115,2015-11-21,2024-03-06,63,0,JavaScript,41,39,48.75
traefik/traefik,47078,2015-09-13,2024-03-06,3995,406,Go,636,5074,88.861646234676
louislam/uptime-kuma,46955,2021-07-03,2024-03-06,1030,102,JavaScript,580,2536,81.38639281129653
AppFlowy-IO/AppFlowy,46935,2021-06-16,2024-03-06,2211,62,Dart,639,1518,70.37552155771905
commaai/openpilot,46825,2016-11-24,2024-03-06,9090,54,Python,208,2353,91.87817258883248
DefinitelyTyped/DefinitelyTyped,46712,2012-10-05,2024-03-06,48939,1,TypeScript,535,7463,93.31082770692673
Textualize/rich,46600,2019-11-10,2024-03-06,738,161,Python,172,1066,86.10662358642972
NationalSecurityAgency/ghidra,46570,2019-03-01,2024-03-06,407,33,Java,1328,3131,70.21753756447634
pi-hole/pi-hole,46293,2014-06-08,2024-03-06,1792,102,Shell,38,2765,98.64430966821263
chinese-poetry/chinese-poetry,46230,2016-09-02,2024-03-06,134,1,JavaScript,104,87,45.54973821989529
serverless/serverless,45916,2015-04-21,2024-03-06,4506,373,JavaScript,1081,5049,82.36541598694943
algorithm-visualizer/algorithm-visualizer,45897,2016-05-15,2024-03-06,183,0,JavaScript,37,74,66.66666666666666
cypress-io/cypress,45896,2015-03-04,2024-03-06,5891,331,JavaScript,1369,12479,90.11409589832466
etcd-io/etcd,45884,2013-07-06,2024-03-06,8317,231,Go,202,6273,96.88030888030889
youngyangyang04/leetcode-master,45815,2019-12-14,2024-03-06,1990,0,Shell,144,60,29.411764705882355
jgraph/drawio-desktop,45772,2017-05-25,2024-03-06,19,128,JavaScript,173,1156,86.9826937547028
minimaxir/big-list-of-naughty-strings,45752,2015-08-08,2024-03-06,90,0,Python,63,32,33.68421052631579
iamadamdev/bypass-paywalls-chrome,45711,2018-04-07,2024-03-06,132,33,JavaScript,0,998,100.0
mozilla/pdf.js,45586,2011-04-26,2024-03-06,6991,59,JavaScript,348,9130,96.32833931209116
sharkdp/bat,45585,2018-04-21,2024-03-06,1270,40,Rust,227,1088,82.73764258555133
mastodon/mastodon,45563,2016-02-22,2024-03-06,13918,242,Ruby,3666,7020,65.69343065693431
iamkun/dayjs,45404,2018-04-10,2024-03-06,682,116,JavaScript,749,810,51.956382296343804
vsouza/awesome-ios,45326,2014-07-10,2024-03-06,2212,0,Swift,2,472,99.57805907172997
ethereum/go-ethereum,45231,2013-12-26,2024-03-06,6971,190,Go,258,7546,96.69400307534598
koalaman/shellcheck,34593,2012-11-17,2024-03-06,274,28,Haskell,945,1606,62.95570364562917
nativefier/nativefier,34574,2015-07-05,2024-03-06,261,99,TypeScript,256,982,79.32148626817448
airbnb/lottie-android,34566,2016-10-06,2024-03-06,656,49,Java,8,1673,99.52409280190363
istio/istio,34548,2016-11-18,2024-03-06,24309,328,Go,527,18353,97.20868644067797
bannedbook/fanqiang,34507,2015-01-14,2024-03-06,3,2,Kotlin,304,439,59.084791386271874
vim/vim,34473,2015-08-18,2024-03-06,334,0,Vim Script,1331,6411,82.80805993283388
SheetJS/sheetjs,34292,2012-12-03,2024-03-06,106,0,,117,2267,95.09228187919463
unknwon/the-way-to-go_ZH_CN,34020,2013-03-24,2024-03-06,592,0,Go,0,0,0.0
jondot/awesome-react-native,33942,2015-03-26,2024-03-06,912,0,JavaScript,36,35,49.29577464788733
oobabooga/text-generation-webui,33864,2022-12-21,2024-03-06,889,33,Python,255,2954,92.05359925210345
dotnet/aspnetcore,33856,2014-03-11,2024-03-06,15080,210,C#,2914,29739,91.07585826723425
mitmproxy/mitmproxy,33833,2010-02-16,2024-03-06,2208,59,Python,292,2933,90.94573643410853
BVLC/caffe,33786,2013-09-12,2024-03-06,1087,14,C++,896,3896,81.30217028380635
apache/airflow,33764,2015-04-13,2024-03-06,19357,78,Python,737,7961,91.52678776730284
odoo/odoo,33677,2014-05-13,2024-03-06,6169,0,Python,2491,14662,85.47775899259604
formulahendry/955.WLB,33651,2019-03-27,2024-03-06,18,0,,172,76,30.64516129032258
openai/gym,33633,2016-04-27,2024-03-06,999,19,Python,79,1717,95.60133630289532
freeCodeCamp/devdocs,33562,2013-10-24,2024-03-06,674,0,Ruby,154,986,86.49122807017544
curl/curl,33379,2010-03-18,2024-03-06,175,76,C,20,4339,99.5411791695343
ClickHouse/ClickHouse,33371,2016-06-02,2024-03-06,34906,533,C++,3305,15623,82.53909551986474
jaredpalmer/formik,33368,2017-06-14,2024-03-06,816,194,TypeScript,689,1545,69.15846016114592
AFNetworking/AFNetworking,33332,2011-05-31,2024-03-06,710,40,Objective-C,0,0,0.0
adobe/brackets,33317,2011-12-07,2024-03-06,4333,69,JavaScript,2618,7067,72.96850800206505
bradtraversy/50projects50days,33236,2020-11-16,2024-03-06,42,0,CSS,0,0,0.0
aria2/aria2,33071,2010-11-27,2024-03-06,243,24,C++,1006,797,44.20410427066001
junegunn/vim-plug,32907,2013-09-10,2024-03-06,171,7,Vim Script,114,889,88.63409770687937
jesseduffield/lazydocker,32670,2019-05-18,2024-03-06,170,39,Go,110,177,61.672473867595826
sorrycc/awesome-javascript,32539,2014-07-01,2024-03-06,369,0,,2,85,97.70114942528735
netty/netty,32520,2010-11-09,2024-03-06,3338,0,Java,565,5746,91.04737759467596
google-research/google-research,32371,2018-10-04,2024-03-06,29,0,Jupyter Notebook,844,309,26.799653078924546
huihut/interview,32318,2018-02-09,2024-03-06,35,0,C++,22,40,64.51612903225806
google/material-design-lite,32274,2015-01-14,2024-03-06,655,14,HTML,369,1812,83.08115543328748
lllyasviel/Fooocus,32240,2023-08-09,2024-03-06,337,5,Python,147,1063,87.85123966942149
shadowsocks/ShadowsocksX-NG,32090,2016-06-10,2024-03-06,63,29,Swift,301,1043,77.60416666666666
pocketbase/pocketbase,32008,2022-07-05,2024-03-06,47,126,Go,37,1174,96.94467382328654
dani-garcia/vaultwarden,31807,2018-02-17,2024-03-06,731,57,Rust,10,1867,99.46723494938732
xkcoding/spring-boot-demo,31705,2017-11-10,2024-03-06,15,0,Java,90,71,44.099378881987576
microsoft/DeepSpeed,31697,2020-01-23,2024-03-06,2068,71,Python,856,1545,64.34818825489378
tldraw/tldraw,31638,2021-05-09,2024-03-06,1441,18,TypeScript,326,409,55.646258503401356
markedjs/marked,31566,2011-07-24,2024-03-06,1272,127,JavaScript,21,1417,98.53963838664812
zhongyang219/TrafficMonitor,31516,2017-07-30,2024-03-06,43,24,C++,972,623,39.059561128526646
PKUanonym/REKCARC-TSC-UHT,31415,2019-04-05,2024-03-06,144,0,HTML,2,27,93.10344827586206
files-community/Files,31375,2019-01-04,2024-03-06,4656,110,C#,402,8828,95.64463705308775
lapce/lapce,31273,2018-02-06,2024-03-06,961,28,Rust,685,1029,60.03500583430572
bevyengine/bevy,31226,2020-01-18,2024-03-06,2341,21,Rust,1474,2847,65.8875260356399
harness/gitness,31217,2014-02-07,2024-03-06,1012,36,Go,129,1778,93.23544834819087
bayandin/awesome-awesomeness,31103,2014-07-08,2024-03-06,197,0,Ruby,14,52,78.78787878787878
sharkdp/fd,30993,2017-05-09,2024-03-06,533,37,Rust,93,724,88.61689106487148
appsmithorg/appsmith,30976,2020-06-30,2024-03-06,10738,213,TypeScript,3495,14715,80.80724876441515
halo-dev/halo,30781,2018-03-21,2024-03-06,1739,160,Java,333,2923,89.77272727272727
The-Run-Philosophy-Organization/run,30653,2022-04-10,2024-03-06,172,0,,36,212,85.48387096774194
solidjs/solid,30632,2018-04-24,2024-03-06,333,34,TypeScript,63,846,93.06930693069307
alibaba/easyexcel,30545,2018-02-06,2024-03-06,165,9,Java,437,2824,86.59920269855871
slidevjs/slidev,30359,2021-04-24,2024-03-06,368,303,TypeScript,29,799,96.49758454106279
fastify/fastify,30186,2016-09-28,2024-03-06,2609,279,JavaScript,64,1817,96.59755449229134
1c7/chinese-independent-developer,30111,2017-09-21,2024-03-06,184,0,,3,93,96.875
ziadoz/awesome-php,30084,2013-11-26,2024-03-06,419,0,,1,130,99.23664122137404
fengdu78/Coursera-ML-AndrewNg-Notes,30036,2017-11-04,2024-03-06,13,0,HTML,52,16,23.52941176470588
alibaba/p3c,30006,2017-06-23,2024-03-06,62,0,Kotlin,151,697,82.19339622641509
ityouknow/spring-boot-examples,29802,2016-11-05,2024-03-06,7,0,Java,7,99,93.39622641509435
Chanzhaoyu/chatgpt-web,29774,2023-02-09,2024-03-06,154,43,Vue,12,1686,99.29328621908127
mathiasbynens/dotfiles,29680,2011-09-05,2024-03-06,44,0,Shell,139,247,63.98963730569949
swc-project/swc,29656,2017-12-22,2024-03-06,4409,404,Rust,302,2909,90.59483027094363
localsend/localsend,29574,2022-12-16,2024-03-06,343,16,Dart,301,331,52.37341772151899
saadeghi/daisyui,29540,2020-11-28,2024-03-06,253,21,Svelte,59,1410,95.98366235534377
CMU-Perceptual-Computing-Lab/openpose,29452,2017-04-24,2024-03-06,173,15,C++,286,1656,85.27291452111226
pcottle/learnGitBranching,29377,2012-08-13,2024-03-06,552,0,JavaScript,25,437,94.58874458874459
react-boilerplate/react-boilerplate,29338,2015-02-18,2024-03-06,715,16,JavaScript,78,1822,95.89473684210526
Asabeneh/30-Days-Of-Python,29325,2019-11-19,2024-03-06,42,0,Python,30,67,69.0721649484536
colinhacks/zod,29275,2020-03-07,2024-03-06,390,79,TypeScript,299,1413,82.53504672897196
SimplifyJobs/Summer2024-Internships,29270,2020-05-23,2024-03-06,1667,0,,3,1773,99.83108108108108
2dust/v2rayNG,29220,2019-05-15,2024-03-06,181,166,Kotlin,145,2247,93.93812709030101
docker/awesome-compose,29172,2020-02-13,2024-03-06,148,0,HTML,70,36,33.9622641509434
vercel/swr,29063,2019-10-28,2024-03-06,744,111,TypeScript,72,790,91.64733178654292
square/leakcanary,29060,2015-04-29,2024-03-06,891,35,Kotlin,81,1488,94.83747609942638
reworkd/AgentGPT,29002,2023-04-07,2024-03-06,537,12,TypeScript,112,332,74.77477477477478
python-poetry/poetry,28890,2018-02-28,2024-03-06,1959,132,Python,568,5002,89.80251346499102
facebookresearch/fairseq,28839,2017-08-29,2024-03-06,226,16,Python,1078,3036,73.79679144385027
standard/standard,28802,2015-01-27,2024-03-06,412,5,JavaScript,108,1119,91.19804400977995
webtorrent/webtorrent,28795,2013-10-15,2024-03-06,839,164,JavaScript,72,1534,95.51681195516812
yunjey/pytorch-tutorial,28794,2017-03-10,2024-03-06,28,0,Python,66,113,63.128491620111724
QuivrHQ/quivr,28772,2023-05-12,2024-03-06,1068,218,TypeScript,82,993,92.37209302325581
ianstormtaylor/slate,28763,2016-06-18,2024-03-06,1803,165,TypeScript,616,2477,80.08406078241191
TheAlgorithms/C-Plus-Plus,28738,2016-07-16,2024-03-06,594,0,C++,10,273,96.46643109540636
apolloconfig/apollo,28681,2016-03-04,2024-03-06,1363,39,Java,125,3033,96.04179860671312
helix-editor/helix,28662,2020-06-01,2024-03-06,3153,24,Rust,830,3032,78.50854479544279
kilimchoi/engineering-blogs,28612,2015-06-13,2024-03-06,681,0,Ruby,16,74,82.22222222222221
microsoft/calculator,28602,2019-01-28,2024-03-06,822,0,C++,307,686,69.08358509566969
ggerganov/whisper.cpp,28593,2022-09-25,2024-03-06,434,13,C,474,552,53.80116959064327
donnemartin/interactive-coding-challenges,28494,2015-04-28,2024-03-06,176,0,Python,35,31,46.96969696969697
SortableJS/Sortable,28416,2013-12-19,2024-03-06,245,26,JavaScript,432,1320,75.34246575342466
DIYgod/RSSHub,28303,2018-04-02,2024-03-06,7747,226,TypeScript,293,4709,94.1423430627749
portainer/portainer,28272,2016-05-19,2024-03-06,4256,111,TypeScript,454,4962,91.61742983751846
codepath/android_guides,28249,2013-06-19,2024-03-06,10,0,,160,219,57.78364116094987
herrbischoff/awesome-macos-command-line,28238,2015-09-22,2024-03-06,104,0,,0,0,0.0
kenwheeler/slick,28218,2014-03-24,2024-03-06,238,48,JavaScript,1201,2391,66.56458797327394
facebookresearch/detectron2,28210,2019-09-05,2024-03-06,0,10,Python,390,3043,88.63967375473348
VincentGarreau/particles.js,28200,2014-09-06,2024-03-06,21,6,JavaScript,298,105,26.054590570719604
AykutSarac/jsoncrack.com,28173,2022-01-30,2024-03-06,72,20,TypeScript,40,175,81.3953488372093
doocs/leetcode,28140,2018-09-16,2024-03-06,2163,19,Java,0,37,100.0
react-navigation/react-navigation,23139,2017-01-26,2024-03-06,1121,1512,TypeScript,682,8643,92.68632707774799
github/copilot-docs,23089,2021-10-23,2024-03-06,9,0,,0,0,0.0
apache/skywalking,23050,2015-11-07,2024-03-06,4414,58,Java,60,5055,98.82697947214076
eriklindernoren/ML-From-Scratch,22980,2017-02-05,2024-03-06,9,0,Python,32,37,53.62318840579711
libuv/libuv,22970,2013-11-30,2024-03-06,947,9,C,132,1543,92.11940298507463
apache/flink,22924,2014-06-07,2024-03-06,8768,0,Java,0,0,0.0
CodeHubApp/CodeHub,22905,2013-07-23,2024-03-06,13,4,C#,234,406,63.4375
changkun/modern-cpp-tutorial,22858,2016-08-19,2024-03-06,107,3,C++,7,111,94.0677966101695
google/gson,22849,2015-03-19,2024-03-06,637,6,Java,245,1334,84.48385053831538
flameshot-org/flameshot,22829,2017-05-10,2024-03-06,813,25,C++,544,1797,76.76206749252457
fyne-io/fyne,22791,2018-02-04,2024-03-06,1571,43,Go,621,1964,75.97678916827853
ai/nanoid,22791,2017-08-05,2024-03-06,179,2,JavaScript,6,225,97.40259740259741
refinedev/refine,22784,2021-01-20,2024-03-06,3782,1339,TypeScript,21,1258,98.3580922595778
kdeldycke/awesome-falsehood,22763,2016-09-08,2024-03-06,99,0,,2,26,92.85714285714286
goldfire/howler.js,22746,2013-01-28,2024-03-06,128,25,JavaScript,332,1048,75.94202898550725
microsoft/JARVIS,22745,2023-03-30,2024-03-06,23,0,Python,73,101,58.04597701149425
ovity/octotree,22646,2014-05-09,2024-03-06,249,0,JavaScript,32,737,95.83875162548765
tinygrad/tinygrad,22610,2020-10-18,2024-03-06,2048,5,Python,98,426,81.29770992366412
tsenart/vegeta,22559,2013-08-13,2024-03-06,148,67,Go,66,348,84.05797101449275
fouber/blog,22550,2014-04-25,2024-03-06,1,0,,10,5,33.33333333333333
usablica/intro.js,22512,2013-03-10,2024-03-05,412,36,TypeScript,54,745,93.2415519399249
mochajs/mocha,22387,2011-03-07,2024-03-06,1196,78,JavaScript,186,2772,93.71196754563894
rancher/rancher,22363,2014-11-07,2024-03-06,9064,1037,Go,2704,30173,91.77540529853697
XIU2/TrackersListCollection,22356,2019-10-03,2024-03-06,4,0,,0,0,0.0
t4t5/sweetalert,22337,2014-09-30,2024-03-05,84,13,TypeScript,165,549,76.89075630252101
microsoft/api-guidelines,22301,2016-07-12,2024-03-06,196,0,,117,104,47.05882352941176
NickeManarin/ScreenToGif,22286,2016-08-02,2024-03-06,254,87,C#,249,697,73.67864693446089
notable/notable,22270,2018-12-22,2024-03-06,25,20,,713,910,56.06900800985829
vuejs/vuepress,22254,2018-04-05,2024-03-06,781,22,JavaScript,524,1432,73.21063394683026
norvig/pytudes,22237,2017-03-01,2024-03-05,53,0,Jupyter Notebook,17,18,51.42857142857142
jenkinsci/jenkins,22153,2010-11-22,2024-03-06,6975,323,Java,0,0,0.0
react-bootstrap/react-bootstrap,22142,2013-12-27,2024-03-06,2631,61,TypeScript,138,3358,96.05263157894737
badges/shields,22136,2013-01-30,2024-03-06,6054,0,JavaScript,335,2175,86.65338645418326
lensapp/lens,22088,2018-11-12,2024-03-06,3905,308,,997,2448,71.05950653120465
medusajs/medusa,21983,2020-01-18,2024-03-06,3479,67,TypeScript,303,1324,81.37676705593117
facebook/zstd,21905,2015-01-24,2024-03-06,2221,66,C,153,1171,88.4441087613293
grafana/loki,21715,2018-04-16,2024-03-06,6281,52,Go,1220,3216,72.49774571686204
stretchr/testify,21704,2012-10-16,2024-03-06,419,22,Go,244,516,67.89473684210526
gabime/spdlog,21653,2014-11-01,2024-03-06,539,37,C++,50,1992,97.55142017629774
DesignPatternsPHP/DesignPatternsPHP,21641,2011-08-22,2024-03-06,282,0,PHP,4,112,96.55172413793103
DataTalksClub/data-engineering-zoomcamp,21585,2021-10-21,2024-03-06,281,0,Jupyter Notebook,1,123,99.19354838709677
pytorch/examples,21505,2016-08-24,2024-03-06,406,0,Python,175,446,71.81964573268921
js-cookie/js-cookie,21485,2015-03-19,2024-03-06,82,36,JavaScript,4,537,99.26062846580407
huggingface/diffusers,21483,2022-05-30,2024-03-06,3001,64,Python,243,3047,92.61398176291793
judasn/IntelliJ-IDEA-Tutorial,21473,2015-08-17,2024-03-06,40,0,,1,76,98.7012987012987
mifi/lossless-cut,21450,2016-10-30,2024-03-06,165,94,TypeScript,184,1125,85.94346829640948
PaddlePaddle/Paddle,21420,2016-08-15,2024-03-06,32891,61,C++,960,16827,94.602799797605
urfave/cli,21414,2013-07-13,2024-03-06,799,131,Go,27,756,96.55172413793103
posquit0/Awesome-CV,21395,2015-01-18,2024-03-06,45,0,TeX,111,164,59.63636363636363
postcss/autoprefixer,21379,2013-03-14,2024-03-06,278,197,JavaScript,37,1107,96.76573426573427
zhaoolee/ChromeAppHeroes,21329,2019-02-07,2024-03-06,9,0,JavaScript,16,31,65.95744680851064
cookiecutter/cookiecutter,21310,2013-07-14,2024-03-06,709,29,Python,199,641,76.30952380952381
shimohq/chinese-programmer-wrong-pronunciation,21290,2017-02-15,2024-03-06,132,0,JavaScript,124,120,49.18032786885246
necolas/react-native-web,21268,2015-06-09,2024-03-06,73,21,JavaScript,86,1670,95.10250569476082
chalk/chalk,21264,2013-08-03,2024-03-06,103,27,JavaScript,3,369,99.19354838709677
osquery/osquery,21207,2014-07-29,2024-03-06,4230,128,C++,565,2704,82.71642704190883
sudheerj/javascript-interview-questions,21107,2017-10-29,2024-03-06,110,0,JavaScript,1,93,98.93617021276596
DevToys-app/DevToys,21091,2021-09-29,2024-03-06,382,30,C#,174,438,71.56862745098039
checkcheckzz/system-design-interview,20896,2014-05-18,2024-03-06,26,0,,8,6,42.857142857142854
FallibleInc/security-guide-for-developers,20841,2016-06-08,2024-03-06,26,0,,0,0,0.0
n0shake/Public-APIs,20724,2016-01-13,2024-03-06,419,0,,1,53,98.14814814814815
processing/p5.js,20697,2013-02-26,2024-03-06,2494,86,JavaScript,251,3490,93.29056402031543
eip-work/kuboard-press,20693,2019-07-24,2024-03-06,15,0,JavaScript,418,63,13.097713097713099
openai/chatgpt-retrieval-plugin,20667,2023-03-23,2024-03-06,59,0,Python,153,64,29.493087557603687
avajs/ava,20586,2014-11-18,2024-03-05,1060,100,JavaScript,54,1595,96.72528805336567
MLEveryday/100-Days-Of-ML-Code,20538,2018-08-05,2024-03-06,46,0,Jupyter Notebook,12,41,77.35849056603774
Stability-AI/generative-models,20520,2023-06-22,2024-03-06,32,2,Python,174,32,15.53398058252427
monicahq/monica,20457,2017-02-17,2024-03-06,3856,90,PHP,658,1306,66.4969450101833
WeNeedHome/SummaryOfLoanSuspension,20425,2022-07-12,2024-03-06,285,0,HTML,0,0,0.0
tailwindlabs/heroicons,20339,2020-02-24,2024-03-06,56,32,JavaScript,3,392,99.24050632911391
camsong/You-Dont-Need-jQuery,20318,2015-11-21,2024-03-04,166,1,JavaScript,3,67,95.71428571428572
basarat/typescript-book,20300,2015-03-21,2024-03-06,329,0,TypeScript,114,144,55.81395348837209
OpenBMB/ChatDev,20206,2023-08-28,2024-03-06,92,6,Shell,17,192,91.86602870813397
BradLarson/GPUImage,20157,2012-02-13,2024-03-05,241,3,Objective-C,908,1312,59.09909909909909
mindsdb/mindsdb,20125,2018-08-02,2024-03-06,3846,215,Python,377,3328,89.82456140350877
SpaceVim/SpaceVim,20094,2016-12-26,2024-03-06,2305,23,,0,0,0.0
enzymejs/enzyme,19981,2015-11-10,2024-03-05,649,0,JavaScript,252,1517,85.75466365178067
CodeEditApp/CodeEdit,19876,2022-03-10,2024-03-06,739,28,Swift,165,453,73.30097087378641
xyflow/xyflow,19847,2019-07-15,2024-03-06,1041,232,TypeScript,133,1510,91.90505173463177
saleor/saleor,19821,2013-02-12,2024-03-06,8150,963,Python,562,3701,86.81679568379076
NaiboWang/EasySpider,19767,2020-07-18,2024-03-06,21,8,JavaScript,11,266,96.028880866426
Popmotion/popmotion,19743,2014-08-17,2024-03-06,294,0,JavaScript,39,551,93.38983050847457
pyg-team/pytorch_geometric,19713,2017-10-06,2024-03-06,2491,37,Python,793,2570,76.41986321736545
google/eng-practices,19697,2019-09-04,2024-03-06,8,0,,5,7,58.333333333333336
TeamStuQ/skill-map,19659,2015-11-17,2024-03-06,42,2,HTML,67,19,22.093023255813954
afollestad/material-dialogs,19656,2014-11-03,2024-03-06,179,92,Kotlin,0,0,0.0
lewagon/dotfiles,19634,2014-04-04,2024-03-06,46,0,Shell,1,22,95.65217391304348
grpc/grpc-go,19609,2014-12-08,2024-03-06,3787,134,Go,119,2330,95.14087382605145
zzzgydi/clash-verge,19574,2021-12-04,2024-03-06,50,54,TypeScript,234,567,70.78651685393258
sebastianbergmann/phpunit,19540,2009-12-24,2024-03-06,899,0,PHP,104,3501,97.11511789181692
getcursor/cursor,19531,2023-03-12,2024-03-06,46,0,,527,690,56.69679539852095
ScoopInstaller/Scoop,19512,2013-05-11,2024-03-06,2206,8,PowerShell,215,2572,92.28561176892717
hashcat/hashcat,19501,2015-12-04,2024-03-06,1768,24,C,262,1729,86.8407835258664
vueComponent/ant-design-vue,19359,2017-09-20,2024-03-06,1068,198,Vue,205,5250,96.24197983501375
movie-web/movie-web,19350,2021-07-13,2024-03-06,332,50,TypeScript,98,436,81.64794007490637
apache/shardingsphere,19292,2016-01-18,2024-03-06,18131,55,Java,953,9722,91.07259953161592
valeriansaliou/sonic,19257,2019-02-26,2024-03-06,43,33,Rust,59,202,77.39463601532567
keycloak/keycloak,19252,2013-07-02,2024-03-06,12123,53,Java,1788,7283,80.28883254326976
brettwooldridge/HikariCP,19240,2013-10-08,2024-03-06,228,0,Java,463,1298,73.70812038614424
pulumi/pulumi,19221,2016-10-31,2024-03-06,6295,233,Go,1921,4916,71.90288138072253
suno-ai/bark,30850,2023-04-07,2024-03-06,19,0,Jupyter Notebook,166,224,57.43589743589743
bigskysoftware/htmx,30804,2020-04-13,2024-03-06,662,17,JavaScript,404,715,63.896336014298484
TheAlgorithms/JavaScript,30764,2017-07-13,2024-03-06,766,0,JavaScript,2,188,98.94736842105263
hasura/graphql-engine,30723,2018-06-18,2024-03-06,2109,249,TypeScript,2051,3845,65.21370420624152
beego/beego,30709,2012-02-29,2024-03-06,1254,28,Go,7,3304,99.78858350951374
ccxt/ccxt,30704,2017-05-14,2024-03-06,10126,1,Python,793,8807,91.73958333333333
gofiber/fiber,30684,2020-01-16,2024-03-06,1358,117,Go,70,1238,94.64831804281346
certbot/certbot,30674,2014-11-12,2024-03-06,3732,50,Python,222,5040,95.78107183580387
solidjs/solid,30632,2018-04-24,2024-03-06,333,34,TypeScript,63,846,93.06930693069307
streamlit/streamlit,30566,2019-08-24,2024-03-06,3512,73,Python,732,3226,81.50581101566448
alebcay/awesome-shell,30525,2014-07-07,2024-03-06,307,0,,35,21,37.5
mqyqingfeng/Blog,30298,2017-03-13,2024-03-06,3,0,,216,98,31.210191082802545
Binaryify/NeteaseCloudMusicApi,30253,2016-06-22,2024-03-06,292,137,,147,1190,89.00523560209425
ray-project/ray,30219,2016-10-25,2024-03-06,21247,79,Python,3087,13802,81.72183077742909
sqlmapproject/sqlmap,30098,2012-06-26,2024-03-06,161,9,Python,49,5070,99.04278179331901
ziadoz/awesome-php,30084,2013-11-26,2024-03-06,419,0,,1,130,99.23664122137404
ReactiveX/rxjs,30008,2015-03-15,2024-03-06,2584,2,TypeScript,213,2925,93.21223709369025
alibaba/p3c,30006,2017-06-23,2024-03-06,62,0,Kotlin,151,697,82.19339622641509
lib-pku/libpku,29974,2018-11-22,2024-03-06,22,0,TeX,10,31,75.60975609756098
karpathy/nanoGPT,29961,2022-12-28,2024-03-06,42,0,Python,179,89,33.2089552238806
amix/vimrc,29939,2012-05-29,2024-03-06,107,0,Vim Script,1,507,99.80314960629921
joshbuchea/HEAD,29839,2016-04-20,2024-03-06,86,0,,20,73,78.49462365591397
Chanzhaoyu/chatgpt-web,29774,2023-02-09,2024-03-06,154,43,Vue,12,1686,99.29328621908127
vuejs/vue-cli,29752,2015-12-26,2024-03-06,1258,177,JavaScript,928,4551,83.06260266471985
swc-project/swc,29656,2017-12-22,2024-03-06,4409,404,Rust,302,2909,90.59483027094363
yewstack/yew,29638,2017-12-16,2024-03-06,1673,35,MDX,110,1107,90.96138044371405
foundation/foundation-sites,29600,2011-10-13,2024-03-06,2950,78,HTML,68,8143,99.17184265010351
localsend/localsend,29574,2022-12-16,2024-03-06,343,16,Dart,301,331,52.37341772151899
niklasvh/html2canvas,29565,2011-07-16,2024-03-06,186,45,TypeScript,898,1649,64.74283470749901
saadeghi/daisyui,29540,2020-11-28,2024-03-06,253,21,Svelte,59,1410,95.98366235534377
airbnb/lottie-web,29505,2015-02-20,2024-03-06,128,0,JavaScript,704,2113,75.00887468938588
ibraheemdev/modern-unix,29416,2021-01-12,2024-03-06,10,0,,63,15,19.230769230769234
termux/termux-app,29416,2015-10-23,2024-03-06,141,89,Java,306,2217,87.87158145065398
hashicorp/vault,29386,2015-02-25,2024-03-06,16881,130,Go,994,4908,83.15825144018977
ariya/phantomjs,29382,2010-12-27,2024-03-06,562,0,C++,14,4731,99.70495258166491
pcottle/learnGitBranching,29377,2012-08-13,2024-03-06,552,0,JavaScript,25,437,94.58874458874459
react-boilerplate/react-boilerplate,29338,2015-02-18,2024-03-06,715,16,JavaScript,78,1822,95.89473684210526
Asabeneh/30-Days-Of-Python,29325,2019-11-19,2024-03-06,42,0,Python,30,67,69.0721649484536
nushell/nushell,29313,2019-05-10,2024-03-06,5845,87,Rust,1217,3763,75.56224899598394
colinhacks/zod,29275,2020-03-07,2024-03-06,390,79,TypeScript,299,1413,82.53504672897196
geekcomputers/Python,29267,2011-11-30,2024-03-06,1375,0,Python,249,126,33.6
microsoft/AI-For-Beginners,29238,2021-03-03,2024-03-06,101,0,Jupyter Notebook,27,70,72.16494845360825
0xAX/linux-insides,29237,2015-01-03,2024-03-06,572,0,Python,28,151,84.35754189944134
ziglang/zig,29223,2015-08-06,2024-03-06,7153,15,Zig,2672,7450,73.60205492985577
lukehoban/es6features,29199,2014-03-03,2024-03-06,41,0,,21,36,63.1578947368421
CSSEGISandData/COVID-19,29191,2020-02-04,2024-03-05,2152,0,,1680,2079,55.3072625698324
elsewhencode/project-guidelines,29158,2017-06-30,2024-03-05,113,0,JavaScript,9,29,76.31578947368422
symfony/symfony,29135,2010-01-04,2024-03-06,21798,486,PHP,565,19119,97.12964844543792
zsh-users/zsh-autosuggestions,29109,2013-10-26,2024-03-06,112,0,Shell,128,445,77.66143106457243
vercel/swr,29063,2019-10-28,2024-03-06,744,111,TypeScript,72,790,91.64733178654292
square/leakcanary,29060,2015-04-29,2024-03-06,891,35,Kotlin,81,1488,94.83747609942638
IanLunn/Hover,29031,2014-01-02,2024-03-06,23,10,SCSS,24,83,77.57009345794393
reworkd/AgentGPT,29002,2023-04-07,2024-03-06,537,12,TypeScript,112,332,74.77477477477478
huggingface/pytorch-image-models,28992,2019-02-02,2024-03-06,314,55,Python,71,771,91.56769596199526
SeleniumHQ/selenium,28943,2013-01-14,2024-03-06,1826,91,Java,122,9814,98.77214170692432
sequelize/sequelize,28934,2010-07-22,2024-03-06,4638,472,JavaScript,816,9426,92.03280609256005
run-llama/llama_index,28895,2022-11-02,2024-03-06,3505,325,Python,480,2528,84.04255319148936
ryanhanwu/How-To-Ask-Questions-The-Smart-Way,28866,2015-03-28,2024-03-06,97,0,JavaScript,8,21,72.41379310344827
aosabook/500lines,28852,2013-11-04,2024-03-06,175,0,JavaScript,31,39,55.714285714285715
facebookresearch/fairseq,28839,2017-08-29,2024-03-06,226,16,Python,1078,3036,73.79679144385027
logseq/logseq,28815,2020-05-23,2024-03-06,2871,145,Clojure,1506,5829,79.4683026584867
webtorrent/webtorrent,28795,2013-10-15,2024-03-06,839,164,JavaScript,72,1534,95.51681195516812
jellyfin/jellyfin,28785,2018-12-09,2024-03-06,3746,66,C#,413,5110,92.52217997465145
cockroachdb/cockroach,28746,2014-02-06,2024-03-06,52945,0,Go,4660,55511,92.25540542786392
ehang-io/nps,28744,2018-11-04,2024-03-06,74,59,Go,458,695,60.277536860364265
helix-editor/helix,28662,2020-06-01,2024-03-06,3153,24,Rust,830,3032,78.50854479544279
alibaba/nacos,28656,2018-06-15,2024-03-06,2622,62,Java,227,7733,97.14824120603015
geekan/HowToLiveLonger,28656,2022-04-16,2024-03-06,13,0,,24,101,80.80000000000001
layui/layui,28634,2015-09-22,2024-03-06,392,117,JavaScript,20,722,97.30458221024259
Ryujinx/Ryujinx,28631,2018-02-04,2024-03-06,2800,0,C#,693,2110,75.2764894755619
microsoft/calculator,28602,2019-01-28,2024-03-06,822,0,C++,307,686,69.08358509566969
ggerganov/whisper.cpp,28593,2022-09-25,2024-03-06,434,13,C,474,552,53.80116959064327
jqlang/jq,28551,2012-07-18,2024-03-06,507,13,C,353,1801,83.61188486536676
qishibo/AnotherRedisDesktopManager,28526,2019-01-08,2024-03-06,136,47,JavaScript,224,701,75.78378378378379
shengxinjing/programmer-job-blacklist,28458,2016-06-25,2024-03-06,28,0,Shell,151,183,54.79041916167665
toeverything/AFFiNE,28450,2022-07-31,2024-03-06,3396,235,TypeScript,241,1486,86.04516502605675
tatsu-lab/stanford_alpaca,28446,2023-03-10,2024-03-06,6,0,Python,166,97,36.88212927756654
tastejs/todomvc,28416,2011-06-03,2024-03-06,753,6,JavaScript,118,656,84.75452196382429
coolsnowwolf/lede,28404,2017-09-06,2024-03-06,1879,6,C,666,7557,91.90076614374317
explosion/spaCy,28394,2014-07-03,2024-03-06,3531,122,Python,82,5479,98.52544506383744
kodecocodes/swift-algorithm-club,28364,2016-01-26,2024-03-06,608,0,Swift,31,183,85.51401869158879
spacedriveapp/spacedrive,28357,2021-09-27,2024-03-06,1462,11,TypeScript,54,308,85.0828729281768
vuejs/vuex,28335,2015-07-16,2024-03-06,655,51,JavaScript,94,1166,92.53968253968254
codepath/android_guides,28249,2013-06-19,2024-03-06,10,0,,160,219,57.78364116094987
herrbischoff/awesome-macos-command-line,28238,2015-09-22,2024-03-06,104,0,,0,0,0.0
kenwheeler/slick,28218,2014-03-24,2024-03-06,238,48,JavaScript,1201,2391,66.56458797327394
VincentGarreau/particles.js,28200,2014-09-06,2024-03-06,21,6,JavaScript,298,105,26.054590570719604
trailofbits/algo,28170,2016-05-15,2024-03-06,523,2,Jinja,164,1416,89.62025316455696
composer/composer,28145,2011-06-08,2024-03-06,2765,193,PHP,132,7443,98.25742574257426
parallax/jsPDF,28132,2009-12-06,2024-03-06,700,32,JavaScript,131,2319,94.6530612244898
floating-ui/floating-ui,28121,2016-03-29,2024-03-06,947,401,TypeScript,4,1270,99.68602825745683
kubernetes/minikube,28113,2016-04-15,2024-03-06,7406,145,Go,880,8272,90.38461538461539
postcss/postcss,28100,2013-09-24,2024-03-06,720,247,TypeScript,19,941,98.02083333333333
jashkenas/backbone,28078,2010-09-30,2024-03-05,878,0,JavaScript,38,2367,98.41995841995842
labstack/echo,28070,2015-03-01,2024-03-06,554,103,Go,52,1340,96.26436781609196
caolan/async,28046,2010-06-01,2024-03-06,507,7,JavaScript,7,1114,99.37555753791257
karanpratapsingh/system-design,28014,2022-08-15,2024-03-06,11,0,,3,16,84.21052631578947
AMAI-GmbH/AI-Expert-Roadmap,28009,2020-10-24,2024-03-06,13,0,JavaScript,17,46,73.01587301587301
zed-industries/zed,27978,2021-02-20,2024-03-06,3911,426,Rust,1490,2640,63.922518159806295
OAI/OpenAPI-Specification,27962,2014-03-03,2024-03-06,860,10,JavaScript,353,1798,83.58902835890284
PostgREST/postgrest,21890,2014-06-13,2024-03-06,1107,44,Haskell,216,1413,86.74033149171271
sunface/rust-course,21880,2018-08-07,2024-03-06,686,0,Rust,45,136,75.13812154696133
wsargent/docker-cheat-sheet,21874,2014-08-05,2024-03-06,134,0,,5,22,81.48148148148148
google/flatbuffers,21845,2014-05-19,2024-03-06,1829,35,C++,111,2228,95.25438221462164
alibaba/Sentinel,21825,2018-04-04,2024-03-06,487,24,Java,602,1597,72.62391996361983
go-delve/delve,21800,2014-05-20,2024-03-06,1653,29,Go,95,1533,94.16461916461917
google/iosched,21799,2014-04-01,2024-03-06,66,2,Kotlin,55,187,77.27272727272727
MustangYM/WeChatExtension-ForMac,21791,2019-04-25,2024-03-06,45,49,Objective-C,871,860,49.682264586943965
philc/vimium,21788,2009-09-20,2024-03-06,618,0,JavaScript,1089,2247,67.35611510791367
shieldfy/API-Security-Checklist,21788,2017-07-08,2024-03-06,118,0,,12,30,71.42857142857143
abhisheknaiidu/awesome-github-profile-readme,21747,2020-07-12,2024-03-06,219,0,,43,54,55.670103092783506
chenglou/react-motion,21634,2015-06-11,2024-03-06,144,4,JavaScript,149,249,62.562814070351756
FlowiseAI/Flowise,21552,2023-03-31,2024-03-06,499,29,TypeScript,335,401,54.483695652173914
vbenjs/vue-vben-admin,21550,2020-07-11,2024-03-06,793,23,TypeScript,317,1866,85.47869903802106
framer/motion,21524,2018-11-16,2024-03-06,795,0,TypeScript,142,1335,90.38591740013541
livewire/livewire,21497,2019-02-12,2024-03-06,1315,215,PHP,0,1552,100.0
lobehub/lobe-chat,21476,2023-05-21,2024-03-06,418,453,TypeScript,168,562,76.98630136986301
nrwl/nx,21474,2017-08-11,2024-03-06,10370,666,TypeScript,795,8417,91.36995223621363
openai-translator/openai-translator,21469,2023-03-04,2024-03-06,404,139,TypeScript,352,307,46.58573596358118
tornadoweb/tornado,21458,2009-09-09,2024-03-06,936,0,Python,190,1618,89.49115044247787
forem/forem,21438,2016-11-13,2024-03-06,12677,0,Ruby,583,4993,89.5444763271162
ruby/ruby,21370,2010-02-27,2024-03-06,6280,32,Ruby,0,0,0.0
wailsapp/wails,21348,2018-12-15,2024-03-06,1101,211,Go,232,1327,85.11866581141757
zhaoolee/ChromeAppHeroes,21329,2019-02-07,2024-03-06,9,0,JavaScript,16,31,65.95744680851064
dotnet/maui,21316,2020-05-08,2024-03-06,5923,65,C#,3263,7967,70.94390026714159
jitsi/jitsi-meet,21296,2013-12-16,2024-03-06,7073,61,TypeScript,118,5918,98.04506295559973
AtsushiSakai/PythonRobotics,21210,2016-03-21,2024-03-06,554,0,Python,13,327,96.17647058823529
facert/awesome-spider,21164,2016-09-30,2024-03-06,38,0,,27,15,35.714285714285715
jhipster/generator-jhipster,21150,2013-10-21,2024-03-06,16059,32,TypeScript,107,7516,98.5963531418077
arendst/Tasmota,21134,2017-01-28,2024-03-06,5320,105,C,11,9398,99.88309065788076
eligrey/FileSaver.js,21119,2011-07-15,2024-03-06,67,14,JavaScript,173,467,72.96875
git-tips/tips,21115,2015-07-15,2024-03-06,139,0,JavaScript,17,17,50.0
d2l-ai/d2l-en,21087,2018-10-09,2024-03-06,1821,15,Python,85,196,69.7508896797153
openai/CLIP,21064,2020-12-16,2024-03-06,27,0,Jupyter Notebook,185,184,49.86449864498645
microsoft/vcpkg,21052,2016-09-15,2024-03-06,15445,45,CMake,976,15775,94.17348218016835
ruanyf/es6tutorial,21046,2014-04-20,2024-03-05,370,0,JavaScript,0,559,100.0
XTLS/Xray-core,21023,2020-11-09,2024-03-06,532,46,Go,474,1395,74.63884430176564
paularmstrong/normalizr,20976,2014-08-20,2024-03-06,98,26,JavaScript,0,0,0.0
SwiftGGTeam/the-swift-programming-language-in-chinese,20971,2014-06-03,2024-03-06,714,1,CSS,4,410,99.03381642512076
luong-komorebi/Awesome-Linux-Software,20894,2016-08-06,2024-03-06,575,0,Python,8,125,93.98496240601504
gorilla/websocket,20879,2013-10-16,2024-03-06,145,9,Go,42,575,93.19286871961103
invoke-ai/InvokeAI,20843,2022-08-17,2024-03-06,2298,59,TypeScript,408,2157,84.09356725146199
gpakosz/.tmux,20842,2012-08-23,2024-03-06,10,0,,29,618,95.5177743431221
valyala/fasthttp,20814,2015-10-18,2024-03-06,506,58,Go,70,942,93.08300395256917
openai/gpt-2,20777,2019-02-11,2024-03-06,18,0,Python,123,131,51.574803149606296
HarisIqbal88/PlotNeuralNet,20774,2018-07-24,2024-03-06,11,2,TeX,63,53,45.689655172413794
drduh/macOS-Security-and-Privacy-Guide,20752,2015-08-31,2024-03-06,149,0,Python,2,251,99.2094861660079
Seldaek/monolog,20740,2011-02-17,2024-03-06,683,67,PHP,32,769,96.00499375780275
apache/mxnet,20696,2015-04-30,2024-03-06,8838,34,C++,1805,7758,81.12516992575551
mouredev/Hello-Python,20675,2022-08-03,2024-03-06,0,0,Python,7,14,66.66666666666666
the1812/Bilibili-Evolved,20662,2018-07-16,2024-03-06,325,150,TypeScript,393,2220,84.95981630309988
deepinsight/insightface,20642,2017-09-01,2024-03-06,79,1,Python,1027,1353,56.84873949579832
seaweedfs/seaweedfs,20638,2014-07-14,2024-03-06,1900,243,Go,276,2326,89.39277478862412
IceWhaleTech/CasaOS,20637,2021-09-26,2024-03-06,248,88,Go,344,769,69.09254267744835
uber-go/zap,20632,2016-02-18,2024-03-06,536,38,Go,103,518,83.41384863123994
koekeishiya/yabai,20589,2019-05-04,2024-03-06,8,75,C,151,1656,91.64360819037078
parse-community/parse-server,20577,2016-01-28,2024-03-06,3390,326,JavaScript,359,4114,91.97406662195394
MLEveryday/100-Days-Of-ML-Code,20538,2018-08-05,2024-03-06,46,0,Jupyter Notebook,12,41,77.35849056603774
hapijs/joi,20523,2012-09-16,2024-03-06,458,0,JavaScript,153,2181,93.44473007712082
valinet/ExplorerPatcher,20427,2021-08-09,2024-03-06,11,259,C,128,1307,91.0801393728223
WeNeedHome/SummaryOfLoanSuspension,20425,2022-07-12,2024-03-06,285,0,HTML,0,0,0.0
Meituan-Dianping/mpvue,20423,2018-03-07,2024-03-06,64,19,JavaScript,419,1271,75.20710059171599
phoenixframework/phoenix,20422,2014-01-20,2024-03-06,2464,20,Elixir,10,2448,99.59316517493897
fastai/fastbook,20390,2020-02-28,2024-03-06,207,2,Jupyter Notebook,92,139,60.17316017316018
apache/rocketmq,20332,2016-11-30,2024-03-06,2138,18,Java,281,3599,92.75773195876289
futurice/android-best-practices,20324,2014-07-29,2024-03-05,80,0,,25,63,71.5909090909091
palantir/blueprint,20324,2016-10-25,2024-03-05,2950,111,TypeScript,642,2409,78.95771878072763
react-dnd/react-dnd,20319,2014-10-19,2024-03-06,1394,138,TypeScript,411,1294,75.89442815249267
kamranahmedse/driver.js,20263,2018-03-11,2024-03-06,53,15,TypeScript,40,255,86.4406779661017
nikitavoloboev/config,20218,2016-03-04,2024-03-06,17,0,Shell,0,73,100.0
svg/svgo,20216,2012-08-22,2024-03-06,509,58,JavaScript,180,1025,85.06224066390041
plotly/dash,20216,2015-04-10,2024-03-06,766,68,Python,781,869,52.666666666666664
chriskiehl/Gooey,20212,2014-01-01,2024-03-06,149,9,Python,130,463,78.07757166947724
enaqx/awesome-pentest,20190,2014-08-03,2024-03-06,335,0,,14,23,62.16216216216216
nostalgic-css/NES.css,20185,2018-09-24,2024-03-06,222,7,SCSS,37,140,79.09604519774011
BradLarson/GPUImage,20157,2012-02-13,2024-03-05,241,3,Objective-C,908,1312,59.09909909909909
cloudcommunity/Free-Certifications,20155,2020-07-31,2024-03-06,106,0,,31,38,55.072463768115945
Budibase/budibase,20075,2019-06-07,2024-03-06,3806,385,TypeScript,415,3785,90.11904761904762
verekia/js-stack-from-scratch,20060,2016-10-02,2024-03-04,55,1,JavaScript,40,118,74.68354430379746
spmallick/learnopencv,20046,2015-02-17,2024-03-06,485,0,Jupyter Notebook,214,91,29.836065573770494
asdf-vm/asdf,19976,2014-11-29,2024-03-06,662,12,Shell,142,645,81.95679796696315
gorilla/mux,19950,2012-10-02,2024-03-06,187,15,Go,16,414,96.27906976744185
dgraph-io/dgraph,19941,2015-08-25,2024-03-06,4749,110,Go,213,2334,91.63722025912838
GeekyAnts/NativeBase,19940,2016-04-15,2024-03-06,1700,227,TypeScript,265,3161,92.26503210741389
didi/DoKit,19876,2018-08-14,2024-03-06,348,10,Java,214,485,69.38483547925608
ReactiveX/RxAndroid,19847,2014-08-19,2024-03-06,182,20,Java,1,349,99.71428571428571
actix/actix-web,19839,2017-09-30,2024-03-06,1108,432,Rust,154,1384,89.98699609882965
icsharpcode/ILSpy,19836,2011-02-04,2024-03-06,530,70,C#,207,2127,91.13110539845758
WZMIAOMIAO/deep-learning-for-image-processing,19819,2019-11-14,2024-03-06,361,0,Python,53,336,86.37532133676092
jhao104/proxy_pool,19815,2016-11-25,2024-03-06,143,3,Python,270,322,54.391891891891895
jsdom/jsdom,19792,2010-01-19,2024-03-06,831,48,JavaScript,459,1786,79.55456570155903
xi-editor/xi-editor,19790,2016-04-26,2024-03-06,674,0,Rust,135,397,74.62406015037594
iampawan/FlutterExampleApps,19778,2018-04-13,2024-03-06,8,0,Dart,15,23,60.526315789473685
SnapKit/SnapKit,19715,2014-06-05,2024-03-06,131,14,Swift,31,546,94.62738301559793
lizongying/my-tv,19702,2023-12-04,2024-03-06,9,36,C,150,361,70.64579256360078
sqlitebrowser/sqlitebrowser,19693,2014-05-04,2024-03-06,481,39,C++,653,2188,77.0151355156635
TeamStuQ/skill-map,19659,2015-11-17,2024-03-06,42,2,HTML,67,19,22.093023255813954
SortableJS/Vue.Draggable,19617,2016-06-28,2024-03-06,52,52,JavaScript,228,847,78.79069767441861
kingToolbox/WindTerm,19610,2019-10-09,2024-03-06,1,28,C,1532,460,23.09236947791165
jbhuang0604/awesome-computer-vision,19610,2015-01-16,2024-03-06,38,0,,20,3,13.043478260869565
nvie/gitflow,26467,2010-01-20,2024-03-06,36,0,Shell,235,126,34.903047091412745
rethinkdb/rethinkdb,26464,2012-10-30,2024-03-06,460,72,C++,1340,5041,79.0001567152484
alpinejs/alpine,26415,2019-11-28,2024-03-06,605,123,HTML,0,597,100.0
pbatard/rufus,26371,2011-11-19,2024-03-06,1,79,C,9,2198,99.59220661531491
qier222/YesPlayMusic,26352,2020-10-09,2024-03-06,272,30,Vue,511,1139,69.03030303030303
ajaxorg/ace,26291,2010-10-27,2024-03-06,1738,69,JavaScript,112,2927,96.31457716354063
CamDavidsonPilon/Probabilistic-Programming-and-Bayesian-Methods-for-Hackers,26255,2013-01-14,2024-03-06,243,0,Jupyter Notebook,154,90,36.885245901639344
cfenollosa/os-tutorial,26177,2014-09-29,2024-03-06,11,0,C,70,101,59.06432748538012
codex-team/editor.js,26174,2015-11-28,2024-03-06,781,68,TypeScript,529,855,61.77745664739884
GitbookIO/gitbook,26161,2014-03-31,2024-03-06,214,0,JavaScript,0,0,0.0
facebookresearch/Detectron,26102,2017-10-05,2024-03-06,0,0,Python,306,619,66.91891891891892
OWASP/CheatSheetSeries,26081,2018-12-21,2024-03-06,822,0,Python,40,371,90.2676399026764
ToolJet/ToolJet,26070,2021-03-30,2024-03-06,4155,166,JavaScript,572,3112,84.47339847991314
google/python-fire,26051,2017-02-21,2024-03-06,76,9,Python,122,184,60.130718954248366
k3s-io/k3s,26031,2018-05-31,2024-03-06,3104,696,Go,158,5164,97.03119128147313
Pierian-Data/Complete-Python-3-Bootcamp,26002,2018-02-12,2024-03-06,12,0,Jupyter Notebook,121,211,63.55421686746988
go-kit/kit,25990,2015-02-03,2024-03-06,478,13,Go,36,524,93.57142857142857
schollz/croc,25971,2017-10-17,2024-03-06,169,148,Go,98,329,77.04918032786885
numpy/numpy,25912,2010-09-13,2024-03-06,11098,109,Python,1897,10328,84.48261758691207
tj/commander.js,25909,2011-08-14,2024-03-06,706,78,JavaScript,10,1040,99.04761904761905
remy/nodemon,25908,2010-10-03,2024-03-06,303,93,JavaScript,8,1621,99.50890116635973
aseprite/aseprite,25908,2014-08-19,2024-03-06,237,100,C++,1484,2154,59.20835623969214
statelyai/xstate,25888,2015-09-14,2024-03-06,1783,332,TypeScript,56,1219,95.6078431372549
penpot/penpot,25858,2015-12-29,2024-03-06,2478,36,Clojure,318,951,74.94089834515366
milvus-io/milvus,25819,2019-09-16,2024-03-06,16623,363,Go,544,9631,94.65356265356264
JakeChampion/fetch,25803,2014-10-13,2024-03-06,196,56,JavaScript,3,646,99.53775038520801
microsoft/Data-Science-For-Beginners,25801,2021-03-03,2024-03-06,293,0,Jupyter Notebook,18,95,84.070796460177
rstacruz/nprogress,25800,2013-08-20,2024-03-06,34,7,JavaScript,102,52,33.76623376623377
dokku/dokku,25784,2013-06-08,2024-03-06,3343,267,Shell,20,2611,99.2398327632079
bvaughn/react-virtualized,25783,2015-11-03,2024-03-06,453,5,JavaScript,446,740,62.394603709949415
backstage/backstage,25780,2020-01-24,2024-03-06,14385,309,TypeScript,459,4821,91.30681818181819
select2/select2,25764,2012-03-04,2024-03-06,708,29,JavaScript,91,4697,98.09941520467837
eugeneyan/applied-ml,25726,2020-07-04,2024-03-06,207,0,,2,22,91.66666666666666
OpenBB-finance/OpenBBTerminal,25722,2020-12-20,2024-03-06,3493,30,Python,255,1757,87.32604373757455
hashicorp/vagrant,25715,2010-01-21,2024-03-06,2669,120,Ruby,644,8811,93.18878900052881
maybe-finance/maybe,25665,2024-01-01,2024-03-06,210,0,Ruby,1,155,99.35897435897436
request/request,25655,2011-01-23,2024-03-06,650,0,JavaScript,98,2174,95.68661971830986
servo/servo,25622,2012-02-08,2024-03-06,15750,0,,3222,8953,73.5359342915811
Modernizr/Modernizr,25598,2009-09-25,2024-03-06,805,25,JavaScript,169,1318,88.6348352387357
ggreer/the_silver_searcher,25594,2011-11-19,2024-03-06,399,0,C,427,410,48.98446833930705
lutzroeder/netron,25593,2010-12-26,2024-03-06,1,2,JavaScript,26,1025,97.52616555661275
JakeWharton/butterknife,25581,2013-03-05,2024-03-06,346,0,Java,99,1088,91.65964616680708
vadimdemedes/ink,25518,2017-06-12,2024-03-06,201,50,TypeScript,46,286,86.14457831325302
zhiwehu/Python-programming-exercises,25476,2012-06-14,2024-03-06,0,0,,63,12,16.0
cmderdev/cmder,25474,2013-07-09,2024-03-06,420,33,C++,38,2208,98.30810329474622
pmndrs/react-three-fiber,25471,2019-02-25,2024-03-06,563,94,TypeScript,37,909,96.08879492600423
facebookresearch/fastText,25468,2016-07-16,2024-03-06,12,4,HTML,467,611,56.679035250463826
huiyadanli/RevokeMsgPatcher,25445,2019-07-21,2024-03-06,8,17,C#,44,543,92.50425894378195
michalsnik/aos,25410,2015-07-09,2024-03-06,38,0,JavaScript,324,358,52.49266862170088
mpv-player/mpv,25389,2012-10-13,2024-03-06,2256,84,C,878,8634,90.76955424726661
spf13/viper,25386,2014-04-02,2024-03-06,390,27,Go,388,453,53.86444708680143
dmlc/xgboost,25376,2014-02-06,2024-03-06,4040,56,C++,359,4727,92.94140778607944
linexjlin/GPTs,25315,2023-11-11,2024-03-06,37,0,,6,16,72.72727272727273
MichaelCade/90DaysOfDevOps,25311,2021-12-26,2024-03-06,339,2,Shell,7,75,91.46341463414635
fastai/fastai,25304,2017-09-09,2024-03-06,1675,51,Jupyter Notebook,190,1586,89.3018018018018
swagger-api/swagger-ui,25277,2011-07-15,2024-03-06,2920,320,JavaScript,1036,4300,80.58470764617691
JushBJJ/Mr.-Ranedeer-AI-Tutor,25254,2023-03-31,2024-03-06,19,3,,10,33,76.74418604651163
powerline/fonts,25232,2012-12-19,2024-03-06,72,1,Shell,152,95,38.46153846153847
mlabonne/llm-course,25199,2023-06-17,2024-03-06,1,0,Jupyter Notebook,20,17,45.94594594594595
ycm-core/YouCompleteMe,25197,2012-04-16,2024-03-06,777,0,Python,13,3204,99.59589679825925
mongodb/mongo,25193,2009-01-15,2024-03-06,125,0,C++,0,0,0.0
sampotts/plyr,25190,2015-02-14,2024-03-06,382,88,JavaScript,845,1211,58.900778210116734
nextcloud/server,25168,2016-06-02,2024-03-06,21460,205,PHP,2251,15506,87.32330911753111
coder2gwy/coder2gwy,25159,2020-12-30,2024-03-06,2,0,,120,28,18.91891891891892
sindresorhus/awesome-electron,25143,2015-04-23,2024-03-06,266,0,,1,42,97.67441860465115
pjreddie/darknet,25125,2014-04-11,2024-03-06,10,0,C,1799,554,23.544411389715258
dnSpy/dnSpy,25123,2015-07-01,2024-03-06,53,1,C#,0,0,0.0
hollischuang/toBeTopJavaer,25107,2018-10-25,2024-03-06,52,0,Java,56,71,55.90551181102362
ageron/handson-ml,25101,2016-02-16,2024-03-06,56,0,Jupyter Notebook,126,434,77.5
mckaywrigley/chatbot-ui,25065,2023-03-11,2024-03-06,252,0,TypeScript,43,769,94.70443349753694
mbeaudru/modern-js-cheatsheet,25028,2017-09-18,2024-03-06,83,0,,9,42,82.35294117647058
quasarframework/quasar,25016,2015-10-05,2024-03-06,3550,851,JavaScript,452,7141,94.0471486895825
terryum/awesome-deep-learning-papers,25006,2016-06-03,2024-03-06,39,0,TeX,15,11,42.30769230769231
google/mediapipe,24974,2019-06-13,2024-03-06,157,52,C++,256,4479,94.59345300950369
directus/directus,24950,2012-12-12,2024-03-06,6702,290,TypeScript,438,7300,94.33962264150944
akveo/ngx-admin,24944,2016-05-25,2024-03-06,343,19,TypeScript,413,1328,76.27800114876507
emscripten-core/emscripten,24941,2011-02-12,2024-03-06,10315,0,C++,1624,7246,81.69109357384443
StevenBlack/hosts,24918,2012-04-12,2024-03-06,457,628,Python,71,1772,96.14758545849159
littlecodersh/ItChat,24878,2016-01-19,2024-03-06,29,13,Python,265,618,69.98867497168743
zadam/trilium,24861,2017-05-23,2024-03-06,248,294,JavaScript,980,2391,70.92850786116878
airbnb/lottie-ios,24800,2016-10-06,2024-03-06,685,65,Swift,14,1325,98.95444361463778
nylas/nylas-mail,24789,2014-10-16,2024-03-06,139,53,JavaScript,980,2442,71.36177673874927
SDWebImage/SDWebImage,24767,2009-09-21,2024-03-06,915,143,Objective-C,68,2216,97.02276707530648
freqtrade/freqtrade,24765,2017-05-17,2024-03-06,4836,81,Python,40,4333,99.08529613537618
signalapp/Signal-Android,24717,2011-12-15,2024-03-06,238,0,Java,310,10292,97.07602339181285
surrealdb/surrealdb,24698,2021-12-09,2024-03-06,874,26,Rust,454,751,62.32365145228216
pola-rs/polars,24696,2020-05-13,2024-03-06,7398,138,Rust,1363,5370,79.756423585326
google/comprehensive-rust,24693,2022-12-21,2024-03-06,1398,0,Rust,98,138,58.47457627118644
getredash/redash,24679,2013-10-28,2024-03-06,3064,98,Python,543,1886,77.64512144915602
astral-sh/ruff,24656,2022-08-09,2024-03-06,5666,292,Rust,683,3264,82.69571826703826
nothings/stb,24647,2014-05-25,2024-03-06,280,0,C,130,663,83.60655737704919
haizlin/fe-interview,24625,2019-04-17,2024-03-06,8,2,JavaScript,5654,25,0.4402183483007572
scwang90/SmartRefreshLayout,24613,2017-06-02,2024-03-06,12,12,Java,316,1209,79.27868852459017
deezer/spleeter,24605,2019-09-26,2024-03-06,49,2,Python,201,561,73.62204724409449
Vision-CAIR/MiniGPT-4,24594,2023-04-15,2024-03-06,19,0,Python,309,119,27.80373831775701
dotnet-architecture/eShopOnContainers,24591,2016-10-05,2024-03-06,538,11,C#,46,1208,96.33173843700159
rollup/rollup,24575,2015-05-14,2024-03-06,1848,454,JavaScript,502,2722,84.42928039702234
greenrobot/EventBus,24555,2012-07-16,2024-03-06,31,7,Java,100,480,82.75862068965517
nicolargo/glances,24545,2011-12-04,2024-03-06,642,34,Python,226,1532,87.14448236632538
gchq/CyberChef,24526,2016-11-28,2024-03-06,414,431,JavaScript,325,551,62.89954337899544
geektutu/7days-golang,14431,2019-08-10,2024-03-06,8,0,Go,34,20,37.03703703703704
aio-libs/aiohttp,14424,2013-10-01,2024-03-06,3990,140,Python,418,2449,85.42029996512034
skywind3000/kcp,14409,2014-12-26,2024-03-06,38,4,C,158,178,52.976190476190474
gnachman/iTerm2,14396,2011-04-07,2024-03-06,251,0,Objective-C,0,0,0.0
dgtlmoon/changedetection.io,14389,2021-01-27,2024-03-06,529,86,Python,173,784,81.9226750261233
frida/frida,14353,2013-04-12,2024-03-06,103,551,Makefile,1490,1102,42.51543209876543
qinguoyi/TinyWebServer,14344,2019-05-29,2024-03-06,14,0,C++,67,149,68.98148148148148
edent/SuperTinyIcons,14340,2017-04-13,2024-03-06,433,1,JavaScript,8,236,96.72131147540983
leon-ai/leon,14332,2019-02-10,2024-03-06,47,18,TypeScript,75,210,73.68421052631578
yujiangshui/A-Programmers-Guide-to-English,14332,2018-07-20,2024-03-06,3,2,,7,19,73.07692307692307
hashicorp/nomad,14304,2015-06-01,2024-03-06,11917,160,Go,1501,5082,77.19884551116513
dogecoin/dogecoin,14291,2013-12-06,2024-03-06,1280,40,C++,132,1072,89.03654485049833
ReVanced/revanced-manager,14267,2022-03-18,2024-03-06,388,129,Dart,86,1103,92.76703111858706
TheAlgorithms/Go,14264,2016-08-20,2024-03-06,347,3,Go,7,69,90.78947368421053
tinygo-org/tinygo,14259,2018-06-07,2024-03-06,2199,38,Go,407,1023,71.53846153846153
scala/scala,14255,2011-12-01,2024-03-06,8249,73,Scala,0,0,0.0
PrefectHQ/prefect,14184,2018-06-29,2024-03-06,6265,240,Python,619,3925,86.37764084507043
yiisoft/yii2,14178,2012-02-13,2024-03-06,5210,67,PHP,479,11024,95.83586890376424
mxcl/PromiseKit,14167,2014-04-04,2024-03-05,322,81,Swift,14,846,98.37209302325581
textmate/textmate,14157,2012-08-08,2024-03-06,90,194,Objective-C++,0,0,0.0
zhisheng17/flink-learning,14146,2019-01-01,2024-03-06,15,0,Java,0,0,0.0
AliaksandrSiarohin/first-order-model,14129,2019-12-11,2024-03-06,30,0,Jupyter Notebook,298,228,43.346007604562736
apprenticeharper/DeDRM_tools,14118,2015-03-09,2024-03-06,89,81,Python,829,1148,58.06777946383409
tinymce/tinymce,14115,2010-01-11,2024-03-06,2130,0,TypeScript,1273,5015,79.75508905852418
kubesphere/kubesphere,14102,2018-04-21,2024-03-06,1584,21,Go,441,3533,88.9028686462003
shelljs/shelljs,14098,2012-03-02,2024-03-06,396,16,JavaScript,100,524,83.97435897435898
leptos-rs/leptos,14098,2022-07-31,2024-03-06,1224,44,Rust,73,700,90.55627425614489
vernesong/OpenClash,14097,2019-05-29,2024-03-06,104,162,JavaScript,46,3110,98.5424588086185
Rapptz/discord.py,14095,2015-08-21,2024-03-06,1361,0,Python,60,2813,97.91159067177166
chenshuo/muduo,14072,2010-05-05,2024-03-06,86,18,C++,27,341,92.66304347826086
MengTo/Spring,14061,2014-12-26,2024-03-06,60,0,Swift,131,93,41.517857142857146
fathyb/carbonyl,14049,2023-01-20,2024-03-06,39,2,Rust,63,55,46.61016949152542
CoatiSoftware/Sourcetrail,14031,2015-12-09,2024-03-06,168,9,C++,356,681,65.6702025072324
doocs/source-code-hunter,14023,2019-10-28,2024-03-06,115,0,Java,9,19,67.85714285714286
getlantern/lantern,14017,2011-02-17,2024-03-06,548,137,Go,0,0,0.0
trufflesuite/truffle,14013,2015-06-29,2024-03-05,2448,280,TypeScript,508,2418,82.63841421736159
fbsamples/f8app,13996,2016-03-10,2024-03-06,43,0,JavaScript,19,187,90.77669902912622
networkx/networkx,13982,2010-09-06,2024-03-06,2808,54,Python,169,2967,94.6109693877551
video-dev/hls.js,13973,2015-01-30,2024-03-06,2869,284,TypeScript,156,2610,94.36008676789588
arc53/DocsGPT,13958,2023-02-02,2024-03-06,395,7,Python,80,228,74.02597402597402
OpenRA/OpenRA,13948,2010-10-04,2024-03-06,8278,99,C#,1459,7636,83.9582188015393
Bash-it/bash-it,13945,2010-10-02,2024-03-06,1232,13,Shell,34,595,94.5945945945946
blakeblackshear/frigate,13924,2019-01-26,2024-03-06,1381,115,Python,255,4653,94.8044009779951
geeeeeeeeek/electronic-wechat,13924,2016-02-18,2024-03-06,59,7,JavaScript,198,395,66.61045531197301
diegomura/react-pdf,13923,2016-10-18,2024-03-06,614,276,JavaScript,411,1264,75.46268656716418
TKkk-iOSer/WeChatPlugin-MacOS,13921,2017-04-20,2024-03-05,7,15,Objective-C,144,433,75.04332755632582
hindupuravinash/the-gan-zoo,13889,2017-04-14,2024-03-06,46,0,Python,17,17,50.0
NVlabs/stylegan,13873,2019-02-04,2024-03-06,0,0,Python,0,0,0.0
TranslucentTB/TranslucentTB,13869,2017-01-10,2024-03-06,55,15,C++,118,780,86.8596881959911
google/WebFundamentals,13855,2014-04-28,2024-03-05,4887,3,JavaScript,1176,2755,70.08394810480793
horovod/horovod,13850,2017-08-09,2024-03-06,1323,24,Python,364,1857,83.61098604232328
foreversd/forever,13845,2010-09-27,2024-03-06,101,3,JavaScript,317,606,65.6554712892741
sindresorhus/got,13831,2014-03-27,2024-03-06,521,135,TypeScript,104,1327,92.73235499650593
tgbot-collection/YYeTsBot,13826,2019-08-15,2024-03-06,39,2,Python,0,83,100.0
NodeBB/NodeBB,13781,2013-04-22,2024-03-06,3635,264,JavaScript,123,7725,98.43272171253822
CoderMJLee/MJRefresh,13758,2014-05-23,2024-03-06,110,38,Objective-C,42,1335,96.94989106753813
Tencent/rapidjson,13752,2014-03-04,2024-03-06,507,5,C++,619,898,59.19578114700066
sorin-ionescu/prezto,13737,2010-12-16,2024-03-06,356,0,Shell,141,903,86.49425287356321
exaloop/codon,13720,2021-09-27,2024-03-06,92,9,C++,171,211,55.235602094240846
wkhtmltopdf/wkhtmltopdf,13665,2009-08-07,2024-03-06,98,15,C++,1331,2302,63.36361134048995
jupyterlab/jupyterlab,13653,2016-06-03,2024-03-06,6969,186,TypeScript,2341,5724,70.97334159950402
interagent/http-api-design,13645,2014-05-07,2024-03-06,39,0,,30,17,36.17021276595745
sparanoid/chinese-copywriting-guidelines,13644,2014-03-17,2024-03-06,64,2,,16,62,79.48717948717949
radix-ui/primitives,13638,2020-06-19,2024-03-06,798,0,TypeScript,290,899,75.60975609756098
influxdata/telegraf,13633,2015-04-01,2024-03-06,5569,174,Go,346,7042,95.31672983216026
vurtun/nuklear,13632,2015-03-25,2024-03-06,200,0,C,207,451,68.54103343465046
chriskempson/tomorrow-theme,13627,2011-02-14,2024-03-06,131,0,CSS,0,0,0.0
microsoft/nni,13619,2018-06-01,2024-03-06,3002,40,Python,364,1677,82.16560509554141
apache/pulsar,13612,2016-06-28,2024-03-06,12599,76,Java,999,5684,85.05162352237019
pjialin/py12306,13602,2019-01-07,2024-03-06,35,1,Python,163,255,61.004784688995215
golang-migrate/migrate,13588,2018-01-19,2024-03-06,227,48,Go,231,349,60.17241379310345
angular-ui/ui-router,13571,2013-01-18,2024-03-06,313,60,TypeScript,22,3169,99.31056095267941
codelucas/newspaper,13571,2013-11-25,2024-03-06,154,2,Python,405,266,39.642324888226526
avwo/whistle,13553,2015-03-13,2024-03-06,71,0,JavaScript,17,890,98.12568908489526
lgvalle/Material-Animations,13544,2015-03-08,2024-03-05,12,0,Java,14,28,66.66666666666666
vpncn/vpncn.github.io,13544,2020-02-14,2024-03-06,0,0,HTML,0,0,0.0
virgili0/Virgilio,13534,2019-03-12,2024-03-06,100,0,Jupyter Notebook,15,23,60.526315789473685
psf/requests-html,13522,2018-02-24,2024-03-05,74,1,Python,176,219,55.44303797468354
HumanAIGC/AnimateAnyone,13511,2023-11-28,2024-03-06,0,0,,51,15,22.727272727272727
rjsf-team/react-jsonschema-form,13510,2015-12-16,2024-03-06,1287,197,TypeScript,273,1792,86.77966101694915
kettanaito/naming-cheatsheet,13499,2017-06-30,2024-03-06,19,0,,14,23,62.16216216216216
OpenGenus/cosmos,13476,2017-09-16,2024-03-06,3064,0,C++,1029,374,26.657163221667858
rockerBOO/awesome-neovim,13471,2020-09-18,2024-03-06,929,0,,3,82,96.47058823529412
airbytehq/airbyte,13461,2020-07-27,2024-03-06,14344,354,Python,1681,11713,87.44960430043302
foxlet/macOS-Simple-KVM,13450,2019-04-22,2024-03-06,19,0,Shell,327,216,39.77900552486188
pandao/editor.md,13444,2015-02-01,2024-03-06,19,6,JavaScript,536,374,41.098901098901095
jessfraz/dockerfiles,13438,2014-09-11,2024-03-05,281,0,Dockerfile,57,148,72.1951219512195
tink-crypto/tink,13434,2014-06-06,2024-03-06,134,21,Java,4,464,99.14529914529915
facebookarchive/AsyncDisplayKit,13427,2014-06-27,2024-03-05,1662,27,Objective-C++,24,1344,98.24561403508771
tidwall/gjson,13427,2016-08-11,2024-03-06,27,0,Go,69,227,76.6891891891892
louischatriot/nedb,13416,2013-05-01,2024-03-05,33,0,JavaScript,168,401,70.47451669595782
openai/evals,13406,2023-01-23,2024-03-06,618,0,Python,82,110,57.291666666666664
PuerkitoBio/goquery,13400,2012-08-29,2024-03-06,61,17,Go,3,363,99.18032786885246
Bigkoo/Android-PickerView,13390,2014-12-28,2024-03-06,32,0,Java,417,535,56.19747899159664
Wechat-ggGitHub/Awesome-GitHub-Repo,13386,2021-12-27,2024-03-06,0,0,,127,13,9.285714285714286
DrkSephy/es6-cheatsheet,13353,2016-01-21,2024-03-05,52,0,JavaScript,5,24,82.75862068965517
felipefialho/frontend-challenges,13346,2017-03-01,2024-03-06,110,0,,1,23,95.83333333333334
seaswalker/spring-analysis,13319,2016-09-09,2024-03-06,7,0,Java,11,4,26.666666666666668
chartist-js/chartist,13306,2014-03-09,2024-03-06,140,13,TypeScript,198,920,82.28980322003578
arangodb/arangodb,13300,2011-10-26,2024-03-06,14780,0,C++,719,3846,84.24972617743703
inancgumus/learngo,18208,2018-10-15,2024-03-06,62,0,Go,7,29,80.55555555555556
leiurayer/downkyi,18206,2020-12-26,2024-03-06,13,25,C#,587,400,40.52684903748733
alibaba/weex,18202,2016-03-11,2024-03-06,1103,7,C++,52,1890,97.32234809474768
realm/SwiftLint,18187,2015-05-16,2024-03-06,2419,126,Swift,353,2121,85.73160873080032
xiaolai/everyone-can-use-english,18186,2019-03-15,2024-03-06,145,12,Jupyter Notebook,45,116,72.04968944099379
Nyr/openvpn-install,18183,2013-05-14,2024-03-06,13,0,Shell,5,869,99.4279176201373
HelloZeroNet/ZeroNet,18173,2015-01-12,2024-03-06,388,22,JavaScript,706,1457,67.36014794267221
buger/goreplay,18171,2013-05-30,2024-03-06,316,44,Go,277,457,62.26158038147139
swoole/swoole-src,18168,2012-07-21,2024-03-05,1534,237,C++,94,3251,97.1898355754858
drizzle-team/drizzle-orm,18145,2021-06-24,2024-03-06,381,65,TypeScript,575,600,51.06382978723404
huggingface/datasets,18124,2020-03-26,2024-03-06,3303,84,Python,581,2078,78.14968033095148
facebook/relay,18121,2015-08-10,2024-03-06,111,82,Rust,512,1677,76.61032434901782
be5invis/Iosevka,18097,2015-07-18,2024-03-06,329,352,JavaScript,84,1745,95.40732640787314
cilium/cilium,18082,2015-12-16,2024-03-06,18638,273,Go,926,8045,89.67785085274774
AlDanial/cloc,18080,2015-09-07,2024-03-06,149,20,Perl,25,617,96.10591900311528
quozd/awesome-dotnet,18075,2014-07-16,2024-03-06,856,0,,0,89,100.0
antonmedv/fx,18071,2018-01-25,2024-03-06,32,58,Go,8,181,95.76719576719577
micropython/micropython,18065,2013-12-20,2024-03-06,1738,18,C,1418,3744,72.53002712127082
lin-xin/vue-manage-system,18049,2016-11-30,2024-03-06,39,7,Vue,109,204,65.17571884984025
kholia/OSX-KVM,18023,2015-11-06,2024-03-06,60,0,Python,0,0,0.0
chaozh/awesome-blockchain-cn,18016,2017-03-12,2024-03-06,10,0,JavaScript,3,35,92.10526315789474
warpdotdev/Warp,18005,2021-07-08,2024-03-06,23,0,,1814,2589,58.80081762434703
openjdk/jdk,17992,2018-09-17,2024-03-06,4,0,Java,0,0,0.0
tloen/alpaca-lora,17983,2023-03-13,2024-03-06,52,0,Jupyter Notebook,328,135,29.15766738660907
facebook/hhvm,17946,2010-01-02,2024-03-06,101,15,C++,458,5467,92.27004219409282
kovidgoyal/calibre,17944,2013-05-28,2024-03-06,1906,292,Python,0,0,0.0
ossu/data-science,17943,2016-06-19,2024-03-06,27,0,,3,50,94.33962264150944
nosir/cleave.js,17929,2016-05-18,2024-03-06,132,66,JavaScript,185,328,63.93762183235867
pydantic/pydantic,17920,2017-05-03,2024-03-06,2648,133,Python,327,3450,91.34233518665607
nginx-proxy/nginx-proxy,17875,2014-05-05,2024-03-06,385,21,Python,350,982,73.72372372372372
shengcaishizhan/kkndme_tianya,17858,2019-07-18,2024-03-06,0,0,,55,14,20.28985507246377
catchorg/Catch2,17813,2010-11-08,2024-03-06,611,95,C++,373,1469,79.75027144408251
yanue/V2rayU,17785,2018-10-12,2024-03-06,33,38,,56,1231,95.64879564879564
framework7io/framework7,17776,2014-02-23,2024-03-06,479,167,JavaScript,169,3317,95.15203671830179
TheAlgorithms/C,17768,2016-07-16,2024-03-06,487,0,C,3,131,97.76119402985076
dotnet/corefx,17730,2014-11-06,2024-03-06,21887,113,,0,0,0.0
reduxjs/redux-thunk,17725,2015-07-13,2024-03-06,74,20,TypeScript,0,213,100.0
ManimCommunity/manim,17700,2020-05-19,2024-03-06,1626,26,Python,362,1038,74.14285714285714
RasaHQ/rasa,17697,2016-10-14,2024-03-06,4235,252,Python,2,6641,99.96989312057806
magic-wormhole/magic-wormhole,17691,2015-02-10,2024-03-06,146,0,Python,142,187,56.838905775075986
amark/gun,17687,2014-07-31,2024-03-06,444,17,JavaScript,268,515,65.77266922094508
microsoft/unilm,17685,2019-07-23,2024-03-06,126,3,Python,494,752,60.35313001605136
forezp/SpringCloudLearning,17684,2017-04-08,2024-03-06,0,0,Java,39,12,23.52941176470588
pqrs-org/Karabiner-Elements,17673,2016-07-11,2024-03-06,64,37,C++,984,2603,72.5676052411486
lllyasviel/style2paints,17667,2017-06-05,2024-03-06,7,0,JavaScript,44,163,78.74396135265701
Sycnex/Windows10Debloater,17659,2017-12-12,2024-03-06,38,0,PowerShell,284,196,40.833333333333336
appium/appium,17658,2013-01-09,2024-03-06,4952,970,JavaScript,147,13308,98.90746934225196
fchollet/deep-learning-with-python-notebooks,17645,2017-09-05,2024-03-06,11,0,Jupyter Notebook,141,38,21.22905027932961
recommenders-team/recommenders,17645,2018-09-19,2024-03-06,1035,12,Python,168,658,79.66101694915254
handlebars-lang/handlebars.js,17636,2010-07-31,2024-03-06,360,1,JavaScript,64,1302,95.31478770131771
sanic-org/sanic,17631,2016-05-26,2024-03-06,1261,70,Python,97,1277,92.94032023289665
airyland/vux,17618,2016-02-15,2024-03-05,333,80,Vue,386,2939,88.39097744360902
Delgan/loguru,17618,2017-08-15,2024-03-06,123,21,Python,152,778,83.65591397849462
squidfunk/mkdocs-material,17613,2016-01-28,2024-03-06,1476,380,HTML,32,2212,98.57397504456328
localtunnel/localtunnel,17602,2012-06-18,2024-03-06,32,0,JavaScript,136,404,74.81481481481481
OI-wiki/OI-wiki,17588,2018-07-11,2024-03-06,3882,0,TypeScript,114,815,87.72874058127019
npm/npm,17503,2009-09-29,2024-03-05,439,261,,2166,16499,88.39539244575408
microsoft/fluentui,17455,2016-06-06,2024-03-06,15122,14815,TypeScript,466,11755,96.18689141641437
Olshansk/interview,17444,2014-01-29,2024-03-06,36,1,,5,45,90.0
jantic/DeOldify,17442,2018-10-31,2024-03-06,77,0,Python,3,367,99.1891891891892
microsoft/CNTK,17436,2015-11-26,2024-03-06,258,32,C++,755,2543,77.10733778047302
modood/Administrative-divisions-of-China,17420,2016-10-08,2024-03-06,11,18,JavaScript,18,105,85.36585365853658
teambit/bit,17419,2017-01-22,2024-03-06,6084,125,TypeScript,28,1822,98.48648648648648
statsd/statsd,17404,2010-12-30,2024-03-05,307,0,JavaScript,50,227,81.94945848375451
darius-khll/golang-developer-roadmap,17392,2019-04-15,2024-03-06,45,0,,15,29,65.9090909090909
GoogleContainerTools/distroless,17385,2017-04-18,2024-03-06,837,0,Starlark,73,475,86.67883211678831
facebookarchive/flux,17383,2014-07-20,2024-03-06,222,4,JavaScript,6,235,97.5103734439834
sveltejs/kit,17376,2020-10-15,2024-03-06,4580,1158,JavaScript,692,4421,86.4658713084295
wulkano/Kap,17361,2016-08-10,2024-03-06,352,43,TypeScript,196,587,74.96807151979566
haoel/leetcode,17356,2014-10-20,2024-03-06,97,0,C++,23,37,61.66666666666667
youzan/vant-weapp,17338,2017-01-23,2024-03-06,1658,52,JavaScript,15,3752,99.60180514998672
programthink/books,17331,2015-06-01,2024-03-06,0,0,,97,32,24.8062015503876
nondanee/UnblockNeteaseMusic,17307,2018-06-19,2024-03-06,15,57,JavaScript,209,579,73.47715736040608
css-modules/css-modules,17298,2015-05-25,2024-03-06,27,0,,114,237,67.52136752136752
allinurl/goaccess,17297,2013-07-14,2024-03-06,310,0,C,383,1831,82.70099367660343
auth0/node-jsonwebtoken,17293,2013-07-01,2024-03-06,150,0,JavaScript,118,513,81.29952456418383
python/mypy,17281,2012-12-07,2024-03-06,5881,0,Python,2508,7527,75.00747384155456
JedWatson/classnames,17276,2014-11-05,2024-03-06,143,0,JavaScript,3,166,98.22485207100591
krisk/Fuse,17260,2012-05-28,2024-03-06,109,28,JavaScript,25,510,95.32710280373831
Wilfred/difftastic,17235,2018-12-18,2024-03-06,76,39,Rust,160,360,69.23076923076923
LunarVim/LunarVim,17217,2018-08-16,2024-03-06,1331,26,Lua,44,2314,98.13401187446989
lit/lit,17216,2017-06-29,2024-03-06,1723,481,TypeScript,370,1435,79.50138504155125
modularml/mojo,17214,2023-04-28,2024-03-06,96,0,Jupyter Notebook,502,846,62.759643916913944
fengdu78/deeplearning_ai_books,17195,2017-12-08,2024-03-06,7,0,HTML,51,13,20.3125
kaixindelele/ChatPaper,17193,2023-03-08,2024-03-06,28,0,Python,64,147,69.66824644549763
nfl/react-helmet,17192,2015-06-18,2024-03-06,166,3,JavaScript,161,225,58.2901554404145
spotify/luigi,17174,2012-09-20,2024-03-06,1827,58,Python,97,881,90.08179959100204
chromium/chromium,17174,2018-02-05,2024-03-06,0,0,,0,0,0.0
microsoft/semantic-kernel,17154,2023-02-27,2024-03-06,2420,74,C#,509,1502,74.68920934858279
oblador/react-native-vector-icons,17148,2015-05-15,2024-03-06,205,68,JavaScript,154,1056,87.27272727272727
xbmc/xbmc,17108,2011-01-03,2024-03-06,17330,164,C++,623,3306,84.14354797658437
miloyip/game-programmer,17099,2016-12-06,2024-03-06,13,0,Python,25,17,40.476190476190474
jtoy/awesome-tensorflow,17091,2016-02-27,2024-03-06,117,0,,1,10,90.9090909090909
emotion-js/emotion,17080,2017-05-27,2024-03-06,1051,518,JavaScript,239,1400,85.41793776693105
material-components/material-components-web,17047,2016-12-05,2024-03-06,3791,11,TypeScript,398,2524,86.3791923340178
joewalnes/websocketd,17040,2013-02-14,2024-03-06,88,7,Go,45,278,86.06811145510835
NVIDIA/nvidia-docker,17036,2015-11-04,2024-03-06,13,32,,0,1553,100.0
facebook/fresco,17028,2015-03-02,2024-03-05,83,50,Java,214,2073,90.64276344556187
Tencent/tinker,17011,2016-09-06,2024-03-06,72,56,Java,503,1082,68.26498422712933
nndl/nndl.github.io,16992,2016-09-06,2024-03-06,10,0,HTML,78,545,87.47993579454254
ish-app/ish,15646,2017-05-05,2024-03-06,209,496,C,548,1238,69.31690929451287
transitive-bullshit/chatgpt-api,15576,2022-12-03,2024-03-06,170,110,TypeScript,59,336,85.0632911392405
trekhleb/learn-python,15560,2018-08-29,2024-03-06,17,0,Python,9,29,76.31578947368422
openai/gpt-3,15545,2020-05-18,2024-03-06,2,0,,3,0,0.0
helm/charts,15528,2015-11-24,2024-03-06,13371,0,Go,0,6322,100.0
vasanthk/how-web-works,15517,2015-10-17,2024-03-06,9,0,,5,14,73.68421052631578
prestodb/presto,15472,2012-08-09,2024-03-06,10553,0,Java,1435,4712,76.65527899788515
aristocratos/btop,15444,2021-05-06,2024-03-06,160,47,C++,222,269,54.78615071283096
SimulatedGREG/electron-vue,15443,2016-05-12,2024-03-06,107,0,JavaScript,269,670,71.35250266240682
dream-num/Luckysheet,15442,2020-05-15,2024-03-06,259,0,JavaScript,668,336,33.46613545816733
android10/Android-CleanArchitecture,15438,2014-08-19,2024-03-06,14,0,Java,127,124,49.40239043824701
eriklindernoren/PyTorch-GAN,15425,2018-04-21,2024-03-06,7,0,Python,106,47,30.718954248366014
yuliskov/SmartTube,15425,2020-07-28,2024-03-06,1032,336,Java,1738,402,18.785046728971963
h2y/Shadowrocket-ADBlock-Rules,15375,2016-08-13,2024-03-06,8,0,Python,69,194,73.76425855513308
yaronn/blessed-contrib,15354,2015-01-14,2024-03-05,69,0,JavaScript,80,66,45.20547945205479
koel/koel,15342,2015-12-06,2024-03-05,482,94,PHP,40,924,95.850622406639
thingsboard/thingsboard,15332,2016-12-01,2024-03-06,3487,58,Java,1465,4354,74.82385289568654
tokio-rs/axum,15324,2021-05-30,2024-03-06,1165,132,Rust,42,640,93.841642228739
bradtraversy/vanillawebprojects,15303,2020-01-28,2024-03-06,24,0,JavaScript,0,0,0.0
learn-anything/learn-anything.xyz,15292,2016-08-08,2024-03-06,18,0,TypeScript,54,2,3.571428571428571
ashishpatel26/500-AI-Machine-learning-Deep-learning-Computer-vision-NLP-Projects-with-code,15262,2021-01-02,2024-03-06,1,0,,19,21,52.5
openai/baselines,15220,2017-05-24,2024-03-06,175,0,Python,411,436,51.47579693034239
opa334/TrollStore,15219,2022-09-02,2024-03-06,50,44,Objective-C,34,475,93.32023575638507
THUDM/ChatGLM2-6B,15217,2023-06-24,2024-03-06,12,0,Python,415,187,31.06312292358804
pytorch/vision,15184,2016-11-09,2024-03-06,3955,39,Python,771,2337,75.1930501930502
iCHAIT/awesome-macOS,15181,2015-05-25,2024-03-06,335,1,,0,70,100.0
emirpasic/gods,15178,2015-03-04,2024-03-06,81,24,Go,23,87,79.0909090909091
kubernetes-sigs/kubespray,15150,2015-10-03,2024-03-06,5483,67,Jinja,153,3731,96.06076210092688
ml-tooling/best-of-ml-python,15144,2020-11-29,2024-03-06,189,137,,19,34,64.15094339622641
adonisjs/core,15109,2015-08-15,2024-03-06,169,181,TypeScript,2,1392,99.85652797704448
HandBrake/HandBrake,15103,2015-08-22,2024-03-06,802,42,C,264,4133,93.99590629974983
heibaiying/BigData-Notes,15072,2019-03-10,2024-03-06,7,0,Java,20,23,53.48837209302325
waydabber/BetterDisplay,15070,2021-10-24,2024-03-06,2,71,,118,1500,92.7070457354759
grab/front-end-guide,15061,2017-04-24,2024-03-06,14,0,JavaScript,1,9,90.0
unocss/unocss,15060,2021-09-30,2024-03-06,1267,361,TypeScript,97,1472,93.81771829190568
NVlabs/instant-ngp,15059,2022-01-05,2024-03-06,96,1,Cuda,444,534,54.601226993865026
designmodo/Flat-UI,15052,2013-03-03,2024-03-06,38,1,JavaScript,10,180,94.73684210526315
Loyalsoldier/clash-rules,15050,2020-07-30,2024-03-06,8,1370,,0,232,100.0
LSPosed/LSPosed,15014,2020-12-12,2024-03-06,1613,39,Java,2,701,99.71550497866288
FiloSottile/age,15010,2019-05-18,2024-03-06,75,14,Go,26,153,85.47486033519553
dubinc/dub,15006,2022-08-27,2024-03-06,211,0,TypeScript,67,248,78.73015873015873
madrobby/zepto,15000,2010-09-20,2024-03-02,218,18,HTML,69,683,90.82446808510637
bower/bower,14998,2012-09-07,2024-03-06,348,38,JavaScript,8,1916,99.58419958419958
lionsoul2014/ip2region,14990,2015-11-02,2024-03-06,75,0,Go,27,198,88.0
snail007/goproxy,14984,2017-09-11,2024-03-06,64,7,Go,125,327,72.34513274336283
android-hacker/VirtualXposed,14962,2017-12-01,2024-03-06,40,50,Java,134,942,87.54646840148699
airbnb/react-sketchapp,14960,2017-04-21,2024-03-04,190,28,TypeScript,29,270,90.3010033444816
Tencent/weui-wxss,14953,2016-11-04,2024-03-06,32,31,Less,46,116,71.60493827160494
Foundry376/Mailspring,14951,2016-10-13,2024-03-05,239,62,C,2,2186,99.90859232175502
cmusatyalab/openface,14950,2015-09-16,2024-03-06,38,4,Lua,10,370,97.36842105263158
YunaiV/yudao-cloud,14939,2019-05-02,2024-03-06,13,10,Java,0,74,100.0
hoanhan101/ultimate-go,14932,2018-04-28,2024-03-06,35,0,Go,0,14,100.0
ory/hydra,14924,2015-05-22,2024-03-06,1448,202,Go,82,1402,94.4743935309973
checkly/headless-recorder,14919,2018-08-13,2024-03-05,73,20,JavaScript,1,107,99.07407407407408
wistbean/learn_python3_spider,14917,2019-04-02,2024-03-06,7,0,Python,29,27,48.214285714285715
apple/swift-evolution,14907,2015-11-03,2024-03-06,1906,0,Markdown,0,0,0.0
ochococo/Design-Patterns-In-Swift,14900,2014-07-13,2024-03-06,47,0,Swift,4,35,89.74358974358975
selfteaching/the-craft-of-selfteaching,14898,2019-03-14,2024-03-06,352,0,Jupyter Notebook,112,58,34.11764705882353
gpujs/gpu.js,14893,2016-02-09,2024-03-06,171,99,JavaScript,196,408,67.54966887417218
Carthage/Carthage,14892,2014-10-10,2024-03-05,961,78,Swift,180,1928,91.46110056925995
DIYgod/DPlayer,14892,2016-05-03,2024-03-06,374,42,JavaScript,0,0,0.0
Experience-Monks/math-as-code,14878,2015-06-29,2024-03-05,23,0,,28,19,40.42553191489361
feathersjs/feathers,14878,2011-10-19,2024-03-06,914,92,TypeScript,107,1946,94.78811495372625
frappe/charts,14871,2017-10-26,2024-03-06,81,18,JavaScript,122,153,55.63636363636364
tusen-ai/naive-ui,14864,2021-06-04,2024-03-06,2107,0,TypeScript,613,2048,76.96354753851935
ginuerzh/gost,14862,2015-03-20,2024-03-06,53,41,Go,260,656,71.61572052401746
Schniz/fnm,14861,2019-01-16,2024-03-06,525,63,Rust,148,316,68.10344827586206
compiler-explorer/compiler-explorer,14855,2012-05-23,2024-03-06,2901,0,TypeScript,693,2342,77.166392092257
pallets/click,14849,2014-04-24,2024-03-06,735,18,Python,89,1440,94.17920209287117
dutchcoders/transfer.sh,14837,2014-10-09,2024-03-06,172,19,Go,33,339,91.12903225806451
logspace-ai/langflow,14836,2023-02-08,2024-03-06,681,155,Python,150,440,74.57627118644068
tiangolo/full-stack-fastapi-postgresql,14830,2019-02-23,2024-03-06,108,6,TypeScript,170,219,56.29820051413882
koreader/koreader,14821,2013-03-24,2024-03-06,5240,237,Lua,645,4942,88.45534275997852
RunaCapital/awesome-oss-alternatives,14817,2021-11-15,2024-03-06,119,0,Python,5,26,83.87096774193549
bharathgs/Awesome-pytorch-list,14815,2017-03-01,2024-03-06,94,0,,0,16,100.0
hashicorp/packer,14813,2013-03-23,2024-03-06,5076,47,Go,402,6372,94.06554472984942
redox-os/redox,14793,2015-04-20,2024-03-06,580,23,Shell,0,0,0.0
acdlite/recompose,14786,2015-10-07,2024-03-05,246,42,JavaScript,64,375,85.42141230068337
umijs/umi,14776,2017-11-22,2024-03-05,3245,482,TypeScript,126,6388,98.06570463616825
flarum/flarum,14757,2014-12-30,2024-03-06,47,24,PHP,0,0,0.0
moment/luxon,14736,2015-11-30,2024-03-06,356,0,JavaScript,144,915,86.40226628895185
ethereum/wiki,14735,2014-02-14,2024-03-05,48,0,,34,310,90.11627906976744
rizinorg/cutter,14734,2017-09-25,2024-03-06,1519,55,C++,477,1104,69.8292220113852
janpaepke/ScrollMagic,14720,2013-09-23,2024-03-06,41,15,JavaScript,500,422,45.770065075921906
ent/ent,14698,2019-06-12,2024-03-06,1706,32,Go,331,1205,78.45052083333334
mxrch/GHunt,14681,2020-10-02,2024-03-06,41,2,Python,36,341,90.45092838196287
stephentian/33-js-concepts,14680,2018-10-16,2024-03-05,12,0,JavaScript,7,11,61.111111111111114
dataease/dataease,14671,2021-02-02,2024-03-06,4754,62,Java,267,3228,92.36051502145924
arialdomartini/Back-End-Developer-Interview-Questions,14669,2014-06-06,2024-03-06,36,0,,12,14,53.84615384615385
foambubble/foam,14664,2020-06-19,2024-03-06,509,91,TypeScript,93,582,86.22222222222223
ujjwalkarn/Machine-Learning-Tutorials,14662,2015-09-12,2024-03-06,42,0,,9,3,25.0
react-native-maps/react-native-maps,14658,2015-12-29,2024-03-06,884,128,Objective-C,66,3530,98.1646273637375
tensorflow/tensor2tensor,14647,2017-06-15,2024-03-06,506,75,Python,575,672,53.889334402566156
tc39/ecma262,14647,2014-04-09,2024-03-06,1354,24,HTML,316,898,73.97034596375617
jsdoc/jsdoc,14631,2010-03-13,2024-03-06,237,11,JavaScript,394,1208,75.40574282147315
aidenybai/million,14625,2021-05-29,2024-03-06,419,214,TypeScript,18,385,95.53349875930522
ramitsurana/awesome-kubernetes,14604,2015-10-15,2024-03-06,584,5,Shell,3,200,98.52216748768473
erusev/parsedown,14600,2013-07-10,2024-03-06,126,26,PHP,106,466,81.46853146853147
upptime/upptime,14598,2020-08-08,2024-03-06,27,39,Markdown,78,208,72.72727272727273
joonspk-research/generative_agents,14595,2023-07-23,2024-03-06,4,0,,80,28,25.925925925925924
