name_with_owner,stars,created_at,releases,loc,cbo,dit,lcom
GrowingGit/GitHub-Chinese-Top-Charts,86458,2019-09-05,0,5,0,1,0
MisterBooo/LeetCodeAnimation,74847,2018-12-06,0,63,3,3,0
macrozheng/mall,74762,2018-04-04,3,100896,2990,942,844181
elastic/elasticsearch,67112,2010-02-08,138,2247376,269840,61743,1394782
kdn251/interviews,61405,2017-02-14,0,5621,307,258,75
TheAlgorithms/Java,56260,2016-07-16,0,33543,1714,979,5220
spring-projects/spring-framework,54773,2010-12-08,285,698287,88295,24935,514524
apache/dubbo,39904,2012-06-19,95,215231,23054,5664,184160
jeecgboot/jeecg-boot,37371,2018-11-26,37,41058,5393,853,38291
dbeaver/dbeaver,36890,2015-10-21,195,458470,61863,13400,432315
geekxh/hello-algorithm,34600,2020-05-29,0,61,3,3,0
airbnb/lottie-android,34600,2016-10-06,49,16749,1914,362,8773
alibaba/arthas,34465,2018-08-29,52,44679,4011,1184,33815
xkcoding/spring-boot-demo,31797,2017-11-10,0,7163,2435,545,1119
ityouknow/spring-boot-examples,29841,2016-11-05,0,4461,1451,315,1545
termux/termux-app,29774,2015-10-23,89,24090,1894,455,18935
SeleniumHQ/selenium,29050,2013-01-14,91,84816,10741,2557,58664
doocs/leetcode,28377,2018-09-16,19,4028,367,150,58
TeamNewPipe/NewPipe,28154,2015-09-03,128,40716,4767,940,24924
dromara/hutool,28124,2014-04-13,139,120587,8758,3098,254200
alibaba/druid,27578,2011-11-03,50,328782,29331,11408,1249912
alibaba/spring-cloud-alibaba,27109,2017-12-01,38,15908,3325,632,9532
apache/kafka,27064,2011-08-15,0,541359,54486,9909,332772
lenve/vhr,26872,2018-01-04,0,2971,417,96,4543
qiurunze123/miaosha,26027,2018-09-14,0,8581,1186,322,4090
alibaba/fastjson,25602,2011-11-03,84,205479,11716,9518,797943
hollischuang/toBeTopJavaer,25127,2018-10-25,0,0,0,0,0
signalapp/Signal-Android,24785,2011-12-15,0,205797,28088,6429,142481
DrKLO/Telegram,23532,2013-10-25,89,1350446,75278,18888,634400
apache/skywalking,23104,2015-11-07,58,81461,15652,3665,13163
apache/flink,22997,2014-06-07,0,1131293,170123,39741,682589
YunaiV/ruoyi-vue-pro,22757,2021-01-24,24,70573,23654,3788,50453
libgdx/libgdx,22586,2012-08-10,11,285413,20492,7343,14087007
jenkinsci/jenkins,22213,2010-11-22,327,179064,24294,7708,176203
bazelbuild/bazel,22164,2014-06-12,136,625395,86291,18281,743695
alibaba/Sentinel,21859,2018-04-04,24,54733,6532,1756,18585
google/ExoPlayer,21410,2014-06-13,28,262348,24896,4249,171334
elunez/eladmin,20695,2018-12-14,1,7733,2189,334,1728
apache/rocketmq,20403,2016-11-30,18,199288,18255,3642,298459
EnterpriseQualityCoding/FizzBuzzEnterpriseEdition,20329,2012-11-24,0,894,264,91,21
didi/DoKit,19896,2018-08-14,10,80443,7070,2072,112602
CarGuo/GSYVideoPlayer,19537,2016-11-13,45,30344,3279,946,34008
keycloak/keycloak,19443,2013-07-02,53,474245,54254,12849,543045
apache/shardingsphere,19335,2016-01-18,55,181216,50021,10926,181396
mybatis/mybatis-3,19297,2013-02-14,42,55337,5660,2027,34643
brettwooldridge/HikariCP,19282,2013-10-08,0,10652,715,212,30963
linlinjava/litemall,18794,2018-03-22,8,90884,2849,695,945790
Baseflow/PhotoView,18684,2012-07-17,5,1792,213,61,1107
dianping/cat,18369,2012-12-05,3,97994,10458,2714,43578
Tencent/tinker,17022,2016-09-06,56,39549,2403,808,13776
nostra13/Android-Universal-Image-Loader,16806,2011-11-27,0,7434,681,222,4038
shuzheng/zheng,16632,2016-10-04,0,41742,2306,717,173496
winterbe/java8-tutorial,16581,2014-03-16,0,2081,91,88,344
Tencent/APIJSON,16480,2016-11-21,96,12428,373,85,58625
baomidou/mybatis-plus,15633,2016-08-18,28,30543,4798,1169,22671
barry-ran/QtScrcpy,15508,2019-06-23,29,3875,252,65,1695
prestodb/presto,15504,2012-08-09,0,689718,99819,15796,852091
android10/Android-CleanArchitecture,15448,2014-08-19,0,2260,540,150,706
thingsboard/thingsboard,15399,2016-12-01,59,200918,38414,7688,103204
kunal-kushwaha/DSA-Bootcamp-Java,15122,2021-07-30,0,6614,321,274,886
dromara/Sa-Token,15112,2020-02-03,31,19807,2189,597,31117
ben-manes/caffeine,15061,2014-12-13,68,76292,5975,2034,177323
YunaiV/yudao-cloud,15041,2019-05-02,10,67571,23466,3724,50186
alibaba/DataX,14983,2018-01-18,7,75304,5120,1990,20765
dataease/dataease,14782,2021-02-02,66,22539,3015,780,13848
mockito/mockito,14510,2012-10-13,209,51494,7269,2912,38064
alibaba/ARouter,14369,2016-12-14,16,3165,362,138,1710
apache/hadoop,14224,2014-08-28,0,1628292,157945,34818,1490291
zhisheng17/flink-learning,14182,2019-01-01,0,13941,2480,648,1926
Curzibn/Luban,13484,2016-07-24,6,1088,86,34,315
Bigkoo/Android-PickerView,13393,2014-12-28,0,4421,339,105,1410
seaswalker/spring-analysis,13341,2016-09-09,0,378,80,41,59
JessYanCoding/AndroidAutoSize,13289,2018-08-17,14,1720,265,69,1533
apache/druid,13150,2012-10-23,58,702549,104960,18326,826994
Netflix/zuul,13116,2013-03-13,7,20243,3067,758,11868
quarkusio/quarkus,12964,2018-07-06,298,759634,130905,31678,1633590
sqshq/piggymetrics,12937,2015-03-29,2,1881,598,105,379
youth5201314/banner,12689,2016-04-22,0,2724,444,134,3481
macrozheng/mall-learning,12656,2019-04-12,0,29041,2087,479,204732
zhihu/Matisse,12481,2017-04-13,15,3418,506,106,614
daimajia/AndroidViewAnimations,12391,2014-06-23,9,965,277,148,188
daimajia/AndroidSwipeLayout,12350,2014-08-25,18,2770,275,98,4359
Netflix/eureka,12173,2012-07-26,148,32877,4364,943,13781
DuGuQiuBai/Java,12124,2015-11-25,0,10840,478,729,668
codecentric/spring-boot-admin,12113,2014-07-25,118,13795,3564,582,3317
pagehelper/Mybatis-PageHelper,12027,2014-06-09,14,7332,1041,255,5364
zaproxy/zaproxy,11867,2015-06-03,9,181507,11844,4784,173585
apache/zookeeper,11864,2009-03-27,0,119982,9668,3379,64176
apache/dolphinscheduler,11824,2019-03-01,51,106165,16832,3399,39908
Yalantis/uCrop,11739,2016-01-05,16,4669,485,105,2226
redis/jedis,11554,2010-06-11,99,90516,4960,1431,534368
itwanger/toBeBetterJavaer,11537,2018-11-08,0,0,0,0,0
Tencent/matrix,11339,2018-12-11,16,79032,7913,1871,17962
gyf-dev/ImmersionBar,11119,2017-04-19,0,7237,902,299,22614
jfeinstein10/SlidingMenu,11102,2012-06-30,0,3085,379,145,3511
grpc/grpc-java,11097,2014-12-08,158,232656,27837,7021,63055
apache/doris,11095,2017-08-10,39,0,0,0,0
tink-crypto/tink,13444,2014-06-06,21,82028,11224,1888,43637
java-decompiler/jd-gui,13404,2015-03-25,18,19309,1847,984,4524
Bigkoo/Android-PickerView,13393,2014-12-28,0,4421,339,105,1410
deeplearning4j/deeplearning4j,13381,2013-11-27,0,551064,47664,12101,310619757
questdb/questdb,13354,2014-04-28,77,0,0,0,0
seaswalker/spring-analysis,13341,2016-09-09,0,378,80,41,59
GoogleContainerTools/jib,13312,2018-01-22,154,34908,4953,856,12032
JessYanCoding/AndroidAutoSize,13289,2018-08-17,14,1720,265,69,1533
gyoogle/tech-interview-for-developer,13186,2019-06-09,0,636,17,13,12
pinpoint-apm/pinpoint,13171,2014-10-20,56,358397,50043,11145,165036
LuckSiege/PictureSelector,13010,2017-01-04,116,39103,3800,912,36444
Netflix/conductor,12923,2016-12-07,319,47052,4979,833,52240
facebookarchive/stetho,12665,2015-01-22,13,19224,2572,836,4405
macrozheng/mall-learning,12656,2019-04-12,0,29041,2087,479,204732
greenrobot/greenDAO,12609,2011-10-22,8,18545,1827,765,17273
theonedev/onedev,12513,2018-11-06,316,265714,43086,10688,158460
zhihu/Matisse,12481,2017-04-13,15,3418,506,106,614
daimajia/AndroidViewAnimations,12391,2014-06-23,9,965,277,148,188
daimajia/AndroidSwipeLayout,12350,2014-08-25,18,2770,275,98,4359
neo4j/neo4j,12323,2012-11-12,72,606489,78216,17880,539684
google/guice,12321,2014-05-28,19,79639,14392,4834,29995
janishar/mit-deep-learning-book-pdf,12231,2017-04-07,3,2,0,1,0
codecentric/spring-boot-admin,12113,2014-07-25,118,13795,3564,582,3317
zaproxy/zaproxy,11867,2015-06-03,9,181507,11844,4784,173585
apache/dolphinscheduler,11824,2019-03-01,51,106165,16832,3399,39908
chat2db/Chat2DB,11820,2023-06-20,34,24247,5192,1064,9169
Tencent/VasSonic,11772,2017-08-01,10,7421,466,142,2399
pxb1988/dex2jar,11747,2015-03-16,8,41716,3100,897,12067
Yalantis/uCrop,11739,2016-01-05,16,4669,485,105,2226
supertokens/supertokens-core,11733,2020-01-05,65,84822,8252,1253,43270
itwanger/toBeBetterJavaer,11537,2018-11-08,0,0,0,0,0
languagetool-org/languagetool,11437,2013-08-08,0,0,0,0,0
realm/realm-java,11432,2012-04-20,0,110015,8199,2319,98917
frank-lam/fullstack-tutorial,11430,2018-04-13,0,0,0,0,0
macrozheng/mall-swarm,11237,2019-11-25,3,101196,2996,962,845259
permissions-dispatcher/PermissionsDispatcher,11204,2015-08-15,40,3184,193,146,4091
code4craft/webmagic,11182,2013-04-23,26,8849,1464,379,3955
careercup/CtCI-6th-Edition,11119,2015-07-02,0,21093,1296,651,2730
jfeinstein10/SlidingMenu,11102,2012-06-30,0,3085,379,145,3511
apache/doris,11095,2017-08-10,39,0,0,0,0
androidannotations/androidannotations,11086,2012-01-06,0,28800,5737,1621,25133
alibaba/COLA,11074,2018-02-06,10,6549,1682,581,1703
H07000223/FlycoTabLayout,10978,2015-11-09,4,2730,213,51,7362
mission-peace/interview,10977,2014-07-20,0,27259,1343,692,2274
lingochamp/FileDownloader,10943,2015-12-22,65,14387,1218,454,11302
amitshekhariitbhu/android-interview-questions,10818,2017-07-09,0,5,0,1,0
alibaba/vlayout,10810,2017-02-27,34,14042,845,295,11534
daniulive/SmarterStreaming,10787,2016-03-26,0,10750,662,181,12307
newbee-ltd/newbee-mall,10748,2019-09-21,0,3935,448,95,3107
metersphere/metersphere,10723,2020-02-03,206,275337,18268,3875,1504989
square/javapoet,10655,2013-02-01,0,7541,446,114,12855
android-async-http/android-async-http,10644,2011-02-20,3,7620,872,275,7065
jeasonlzy/okhttp-OkGo,10587,2016-01-15,14,13418,2040,586,7020
jhy/jsoup,10548,2009-12-19,13,33365,2119,648,77746
cryptomator/cryptomator,10529,2014-02-02,171,15492,3432,590,7222
xiaojieonly/Ehviewer_CN_SXJ,10510,2020-11-09,79,63685,5750,1417,47088
tbruyelle/RxPermissions,10480,2015-09-29,11,876,93,22,202
google/auto,10342,2013-05-22,65,31550,4675,1930,28337
TooTallNate/Java-WebSocket,10242,2010-01-20,17,14618,997,481,9286
Snoopy1866/LiTiaotiao-Custom-Rules,10199,2023-06-12,31,342,2,3,28
doocs/jvm,10119,2018-06-23,0,5,0,1,0
wasabeef/glide-transformations,9861,2015-01-09,0,991,150,58,75
asLody/VirtualApp,9827,2016-07-06,0,46624,5596,3675,22168
jwtk/jjwt,9767,2014-09-13,6,15895,3068,1099,14271
debezium/debezium,9756,2016-01-22,0,175478,17024,3649,133885
YoKeyword/Fragmentation,9721,2016-02-23,30,8981,1486,485,4293
HarlonWang/AVLoadingIndicatorView,9718,2015-10-24,1,2161,328,164,621
kekingcn/kkFileView,9674,2017-12-12,14,9446,572,86,12018
react-native-camera/react-native-camera,9641,2015-04-01,144,0,0,0,0
hackware1993/MagicIndicator,9632,2016-06-26,12,4533,515,138,2775
perwendel/spark,9592,2011-05-05,0,9588,1004,287,10413
lzyzsd/JsBridge,9583,2015-02-26,0,995,98,33,407
koral--/android-gif-drawable,9497,2013-01-30,60,2946,401,107,3823
lihengming/spring-boot-api-project-seed,9487,2017-06-23,4,484,75,19,146
umano/AndroidSlidingUpPanel,9484,2013-05-31,8,2011,84,23,2244
MyCATApache/Mycat-Server,9461,2014-12-04,7,92939,6320,1671,101328
stanfordnlp/CoreNLP,9407,2013-06-27,15,564894,26021,7218,641272
plantuml/plantuml,9398,2010-11-04,39,184404,25740,5513,136581
apple/pkl,9145,2024-01-19,3,0,0,0,0
crossoverJie/cim,9108,2018-05-20,7,7280,850,226,3343
Justson/AgentWeb,9108,2017-05-12,21,11320,1382,381,4811
android/testing-samples,9095,2014-10-11,0,1809,468,114,268
datahub-project/datahub,9075,2015-11-18,82,104423,24291,2620,37944
GcsSloop/AndroidNote,9061,2016-01-04,0,402,39,11,65
ssssssss-team/spider-flow,8958,2020-03-27,2,8748,867,279,3273
huanghaibin-dev/CalendarView,8936,2017-03-11,0,11557,1156,380,9360
cats-oss/android-gpuimage,8871,2012-10-04,0,6341,453,330,1729
laobie/StatusBarUtil,8825,2016-02-15,0,1036,137,51,744
signalapp/Signal-Server,8792,2013-12-09,0,48252,8981,1462,16747
firebase/quickstart-android,8700,2016-04-26,0,6665,1203,319,986
zfile-dev/zfile,8677,2019-08-19,61,6839,1900,428,1390
Freelander/Android_Data,8674,2015-04-04,0,116,4,2,6
chrisjenx/Calligraphy,8589,2013-12-20,4,968,143,36,284
ybq/Android-SpinKit,8562,2016-03-20,0,1812,342,225,1528
json-path/JsonPath,8555,2011-01-24,10,16468,1677,547,10779
junit-team/junit4,8496,2009-01-13,13,32945,5690,2154,19066
flowable/flowable-engine,7274,2016-10-13,26,503344,58377,14916,1326466
abel533/Mapper,7247,2014-11-21,5,18016,2207,551,13923
cymcsg/UltimateRecyclerView,7228,2015-01-28,9,16083,1992,647,15812
Qihoo360/RePlugin,7221,2017-06-08,18,29883,2348,644,14451
geeeeeeeeek/WeChatLuckyMoney,7197,2015-09-30,20,931,113,29,185
frohoff/ysoserial,7189,2015-01-28,1,3851,655,161,1067
alibaba/transmittable-thread-local,7140,2013-10-13,58,6932,866,222,1915
lenve/VBlog,7122,2017-12-26,0,781,132,30,843
apache/seatunnel,7121,2017-08-05,44,136755,20740,4247,44539
Exrick/xmall,7092,2017-07-28,0,45293,1362,367,199974
Graylog2/graylog2-server,7007,2010-05-17,0,216883,51817,8688,116549
real-logic/aeron,7004,2014-02-07,95,107384,8896,1549,127020
NLPchina/elasticsearch-sql,6956,2014-08-24,225,27552,1826,203,51800
naman14/Timber,6955,2015-06-12,5,21819,2446,662,8946
hongyangAndroid/okhttputils,6883,2015-08-17,0,1961,261,102,434
DroidPluginTeam/DroidPlugin,6861,2015-08-27,2,22301,2595,3449,2908
mapstruct/mapstruct,6741,2012-05-28,29,89896,16452,5090,46522
Meituan-Dianping/walle,6699,2017-01-10,1,4633,296,112,817
didi/KnowStreaming,6693,2020-03-19,23,31517,6721,1699,9641
google/error-prone,6692,2014-08-21,38,122853,24995,6428,92758
hongyangAndroid/AndroidAutoLayout,6684,2015-11-19,0,2370,455,156,687
rest-assured/rest-assured,6678,2010-10-21,0,28508,3679,843,74814
markzhai/AndroidPerformanceMonitor,6619,2016-01-17,0,2234,220,69,760
MinecraftForge/MinecraftForge,6615,2012-01-30,0,61328,10989,3564,53212
microg/GmsCore,6600,2014-04-23,32,48570,8964,2835,22402
mrniko/netty-socketio,6595,2012-01-12,16,6188,837,213,5193
zouzg/mybatis-generator-gui,6587,2016-05-08,16,3047,280,58,2728
GrenderG/Toasty,6549,2017-01-18,19,487,65,17,906
cabaletta/baritone,6519,2018-08-01,77,22056,3127,644,10340
rabbitmq/rabbitmq-tutorials,6516,2010-09-21,0,1343,198,43,110
h2pl/JavaTutorial,6480,2018-05-01,1,14,1,3,1
processing/processing,6441,2013-01-24,48,109671,3440,1514,468188
vinc3m1/RoundedImageView,6435,2013-02-22,19,1265,126,27,1612
PowerJob/PowerJob,6393,2020-03-16,48,20593,3515,728,3245
ArthurHub/Android-Image-Cropper,6368,2015-01-15,32,4655,309,55,2815
527515025/springBoot,6327,2016-11-07,0,6250,1343,303,4091
gzu-liyujiang/AndroidPicker,6289,2015-10-21,56,13198,1281,388,12285
ximsfei/Android-skin-support,6285,2017-01-12,0,19377,2462,564,7157
Meituan-Dianping/Leaf,6256,2018-12-11,0,1305,139,57,450
sshahine/JFoenix,6236,2015-09-08,0,24546,2941,690,9386
aa112901/remusic,6211,2016-03-24,0,47786,4383,1228,35191
wasabeef/richeditor-android,6182,2015-03-30,0,804,104,49,2019
ityouknow/spring-cloud-examples,6176,2017-04-28,0,390,230,61,28
HMCL-dev/HMCL,6170,2015-06-22,202,61248,7002,1758,40189
getActivity/AndroidProject,6158,2018-10-23,17,20468,2583,767,6868
joelittlejohn/jsonschema2pojo,6136,2013-06-22,62,14399,1832,311,20923
ikew0ng/SwipeBackLayout,6127,2013-08-25,0,1635,94,25,1104
macrozheng/springcloud-learning,6121,2019-09-07,0,1976,942,203,272
junit-team/junit5,6112,2015-01-11,66,82718,12370,3777,106882
rengwuxian/MaterialEditText,6111,2014-10-30,19,3385,147,34,19314
conductor-oss/conductor,6092,2023-12-08,3,60362,6255,1051,65262
fuzhengwei/itstack-demo-design,6087,2020-05-20,0,3992,466,238,1145
lightbend/config,6080,2011-12-06,1,13186,1095,411,15236
daimajia/NumberProgressBar,6066,2014-05-01,3,380,19,8,551
amitshekhariitbhu/from-java-to-kotlin,6056,2017-05-21,0,37,1,2,0
pedrovgs/EffectiveAndroidUI,6033,2014-07-04,0,1923,324,98,848
wiremock/wiremock,6031,2011-10-09,33,47673,6869,1621,83074
rey5137/material,6019,2014-12-09,10,27346,1986,502,16621
graphql-java/graphql-java,6018,2015-07-06,75,63993,10257,1768,40944
singwhatiwanna/dynamic-load-apk,6016,2014-03-30,0,2620,360,90,584
google/physical-web,6007,2014-09-30,17,7481,747,201,4167
google/grafika,5985,2013-12-19,1,10035,660,180,710
raphw/byte-buddy,5957,2013-11-25,275,276037,36626,9667,89507
antoniolg/androidmvp,5944,2014-04-02,0,274,46,18,42
prolificinteractive/material-calendarview,5910,2015-02-09,22,3658,568,135,6073
haifengl/smile,5901,2014-11-20,26,101890,7338,1836,138481
springfox/springfox,5896,2012-05-06,12,32115,6478,1273,26415
weibocom/motan,5866,2016-04-20,24,43397,4682,1146,26401
Nightonke/BoomMenu,5803,2016-03-19,0,7710,648,181,26182
jeremylong/DependencyCheck,5795,2012-09-03,68,40309,3354,916,37268
confluentinc/ksql,5792,2016-09-27,8,206558,34594,5305,108822
robolectric/robolectric,5782,2010-08-28,98,207309,21387,5109,284376
Devlight/InfiniteCycleViewPager,5762,2016-08-22,2,3564,207,67,4204
yarolegovich/DiscreteScrollView,5742,2017-03-03,2,3698,444,131,2007
Vedenin/useful-java-links,5736,2016-02-13,0,5967,606,269,482
hibernate/hibernate-orm,5719,2010-10-04,31,952150,148043,31758,1520569
dmytrodanylyk/circular-progress-button,5703,2014-06-07,3,1429,155,50,988
btraceio/btrace,5695,2014-08-28,31,39718,3733,1000,76592
k0shk0sh/FastHub,5694,2017-02-18,63,40321,7541,1343,32463
jpush/aurora-imui,5692,2016-12-13,42,17788,1643,523,17192
JakeWharton/u2020,5681,2013-11-14,0,4806,833,191,3165
apache/incubator-kie-drools,5667,2011-02-18,4,749998,74882,18105,687691
gephi/gephi,5647,2011-10-22,19,125187,10674,3974,58620
amitshekhariitbhu/Fast-Android-Networking,5645,2016-03-21,8,19596,1851,719,7917
daimajia/AndroidImageSlider,5639,2014-06-02,5,3813,256,99,3723
amlcurran/ShowcaseView,5595,2012-08-14,13,2086,350,91,1158
hanks-zyh/HTextView,5591,2015-12-19,0,3076,382,142,317
hongyangAndroid/FlowLayout,5584,2015-08-28,0,810,147,48,170
kestra-io/kestra,5584,2019-08-24,64,36370,9399,1707,11744
LSPosed/LSPatch,5574,2021-03-01,9,7008,634,197,3486
nhaarman/ListViewAnimations,5572,2013-03-19,14,5697,887,282,1433
crazycodeboy/react-native-splash-screen,5557,2016-09-14,12,246,41,15,24
alipay/SoloPi,5556,2019-03-14,8,56327,5409,1411,15369
gz-yami/mall4cloud,5546,2021-08-04,4,19166,2928,617,25859
wasabeef/Blurry,5536,2015-07-23,0,636,72,14,9
ffay/lanproxy,5508,2016-11-20,1,2668,267,75,517
sockeqwe/mosby,5494,2015-03-25,15,17138,3562,1067,6380
AriaLyy/Aria,5485,2016-02-19,26,42723,4524,1234,33708
dm77/barcodescanner,5454,2014-02-24,6,2796,386,120,863
HMCL-dev/HMCL,6170,2015-06-22,202,61248,7002,1758,40189
joelittlejohn/jsonschema2pojo,6136,2013-06-22,62,14399,1832,311,20923
ikew0ng/SwipeBackLayout,6127,2013-08-25,0,1635,94,25,1104
macrozheng/springcloud-learning,6121,2019-09-07,0,1976,942,203,272
junit-team/junit5,6112,2015-01-11,66,82718,12370,3777,106882
conductor-oss/conductor,6092,2023-12-08,3,60362,6255,1051,65262
fuzhengwei/itstack-demo-design,6087,2020-05-20,0,3992,466,238,1145
daimajia/NumberProgressBar,6066,2014-05-01,3,380,19,8,551
amitshekhariitbhu/from-java-to-kotlin,6056,2017-05-21,0,37,1,2,0
pedrovgs/EffectiveAndroidUI,6033,2014-07-04,0,1923,324,98,848
quartz-scheduler/quartz,6025,2016-03-07,4,34646,2741,752,57673
rey5137/material,6019,2014-12-09,10,27346,1986,502,16621
graphql-java/graphql-java,6018,2015-07-06,75,63993,10257,1768,40944
singwhatiwanna/dynamic-load-apk,6016,2014-03-30,0,2620,360,90,584
google/physical-web,6007,2014-09-30,17,7481,747,201,4167
google/grafika,5985,2013-12-19,1,10035,660,180,710
wyouflf/xUtils3,5978,2015-10-28,9,12561,1139,307,5984
micronaut-projects/micronaut-core,5925,2018-03-07,219,156273,24952,5779,160215
prolificinteractive/material-calendarview,5910,2015-02-09,22,3658,568,135,6073
haifengl/smile,5901,2014-11-20,26,101890,7338,1836,138481
springfox/springfox,5896,2012-05-06,12,32115,6478,1273,26415
liyifeng1994/ssm,5884,2016-06-18,0,369,79,32,39
weibocom/motan,5866,2016-04-20,24,43397,4682,1146,26401
jOOQ/jOOQ,5846,2011-04-17,44,227567,34596,6655,5223265
lets-blade/blade,5825,2015-06-10,9,15317,1419,379,12942
hazelcast/hazelcast,5808,2012-03-21,197,1054293,130167,29775,732582
Nightonke/BoomMenu,5803,2016-03-19,0,7710,648,181,26182
jeremylong/DependencyCheck,5795,2012-09-03,68,40309,3354,916,37268
confluentinc/ksql,5792,2016-09-27,8,206558,34594,5305,108822
JakeWharton/DiskLruCache,5783,2012-01-05,0,1937,39,16,132
robolectric/robolectric,5782,2010-08-28,98,207309,21387,5109,284376
Devlight/InfiniteCycleViewPager,5762,2016-08-22,2,3564,207,67,4204
yarolegovich/DiscreteScrollView,5742,2017-03-03,2,3698,444,131,2007
springside/springside4,5738,2012-02-23,3,12842,997,402,7807
Vedenin/useful-java-links,5736,2016-02-13,0,5967,606,269,482
hibernate/hibernate-orm,5719,2010-10-04,31,952150,148043,31758,1520569
changmingxie/tcc-transaction,5705,2015-12-05,7,23303,2644,662,15409
dmytrodanylyk/circular-progress-button,5703,2014-06-07,3,1429,155,50,988
btraceio/btrace,5695,2014-08-28,31,39718,3733,1000,76592
k0shk0sh/FastHub,5694,2017-02-18,63,40321,7541,1343,32463
jpush/aurora-imui,5692,2016-12-13,42,17788,1643,523,17192
JakeWharton/u2020,5681,2013-11-14,0,4806,833,191,3165
apache/incubator-kie-drools,5667,2011-02-18,4,749998,74882,18105,687691
gephi/gephi,5647,2011-10-22,19,125187,10674,3974,58620
daimajia/AndroidImageSlider,5639,2014-06-02,5,3813,256,99,3723
auth0/java-jwt,5637,2014-03-07,44,8924,487,140,12276
journeyapps/zxing-android-embedded,5627,2012-11-28,9,5169,522,131,2104
hanks-zyh/HTextView,5591,2015-12-19,0,3076,382,142,317
hongyangAndroid/FlowLayout,5584,2015-08-28,0,810,147,48,170
kestra-io/kestra,5584,2019-08-24,64,36370,9399,1707,11744
PojavLauncherTeam/PojavLauncher,5577,2020-03-11,124,24447,2193,501,47515
LSPosed/LSPatch,5574,2021-03-01,9,7008,634,197,3486
knightliao/disconf,5572,2014-05-30,12,14009,1886,577,5362
nhaarman/ListViewAnimations,5572,2013-03-19,14,5697,887,282,1433
crazycodeboy/react-native-splash-screen,5557,2016-09-14,12,246,41,15,24
yanzhenjie/SwipeRecyclerView,5556,2016-08-03,0,11090,1333,382,7409
alipay/SoloPi,5556,2019-03-14,8,56327,5409,1411,15369
gz-yami/mall4cloud,5546,2021-08-04,4,19166,2928,617,25859
ffay/lanproxy,5508,2016-11-20,1,2668,267,75,517
Nepxion/Discovery,5506,2018-06-21,128,25842,3947,1049,15246
vavr-io/vavr,5496,2014-01-30,17,64440,5378,822,762722
AriaLyy/Aria,5485,2016-02-19,26,42723,4524,1234,33708
alibaba/freeline,5485,2016-08-03,22,5357,513,217,1872
pig-mesh/pig,5455,2019-08-26,34,7341,2556,469,1960
dm77/barcodescanner,5454,2014-02-24,6,2796,386,120,863
LandGrey/SpringBootVulExploit,5453,2020-05-20,0,258,48,14,50
scribejava/scribejava,5418,2010-09-05,9,12671,2079,692,5402
apache/dubbo-spring-boot-project,5403,2018-01-18,13,1908,633,104,1062
wuhaoyu1990/MagicCamera,5389,2016-01-08,0,14543,1247,516,2686
apache/iceberg,5387,2018-11-19,18,265390,33896,6509,127995
google/google-java-format,5377,2015-05-11,26,12902,957,242,10909
motianhuo/wechat,5351,2015-05-25,0,34426,3325,794,9813
commonsguy/cw-omnibus,5332,2012-03-12,36,71119,10241,3276,39028
baidu/uid-generator,5329,2017-03-27,0,873,72,32,293
evant/gradle-retrolambda,5311,2013-08-05,37,623,115,26,54
h6ah4i/android-advancedrecyclerview,5306,2015-01-24,1,20692,2609,951,12649
facebookarchive/shimmer-android,5287,2015-02-27,5,885,60,13,126
apache/hive,5283,2009-05-21,0,2031206,139056,28352,1985607
WeiYe-Jing/datax-web,5270,2019-11-19,5,13801,1598,440,4197
vespa-engine/vespa,5264,2016-06-03,132,610568,71344,18712,461531
ElderDrivers/EdXposed,5259,2019-01-18,27,71794,5580,1475,175792
socketio/socket.io-client-java,5251,2013-04-28,5,5650,440,251,941
xxv/android-lifecycle,5247,2014-04-18,0,481,42,10,910
Karumi/Dexter,5233,2015-11-17,33,2197,354,96,332
Clans/FloatingActionButton,5231,2015-03-21,14,2805,218,65,6565
Yalantis/Side-Menu.Android,5228,2015-01-13,2,449,70,22,74
getActivity/XXPermissions,5226,2018-06-15,59,4715,495,158,2647
mybatis/generator,5224,2013-02-10,11,72674,5064,1267,56501
lettuce-io/lettuce-core,5223,2014-05-10,112,82992,10524,2458,267860
jeecgboot/JimuReport,5184,2019-12-05,15,107,28,6,19
square/otto,5174,2012-06-27,0,1987,207,118,302
javaparser/javaparser,5162,2011-10-30,48,124278,16147,3407,552030
Jasonchenlijian/FastBle,5156,2016-08-23,9,4713,460,136,2737
ZHENFENG13/spring-boot-projects,5141,2017-04-01,0,2606,463,115,971
careercup/ctci,5120,2013-03-21,0,11244,609,348,1585
obsidiandynamics/kafdrop,5119,2019-05-27,47,3985,478,114,2816
opengoofy/hippo4j,5112,2021-06-16,18,27623,5117,1322,6420
razerdp/BasePopup,5107,2016-01-15,15,28287,3344,963,19479
zfdang/Android-Touch-Helper,5096,2020-10-16,112,2257,227,65,107
apache/flink-cdc,5091,2020-07-27,16,78658,10371,2066,37017
huangyanbin/smartTable,5083,2017-11-08,44,14165,1866,433,9438
apache/hbase,5081,2014-05-23,38,924855,90350,16884,792374
apache/pinot,5072,2014-05-19,20,415981,39018,8095,255886
CodingDocs/springboot-guide,5028,2018-11-28,0,1522,572,164,188
Trinea/android-common,5014,2012-06-19,1,6707,488,137,4737
alibaba/UltraViewPager,5004,2017-03-29,10,1518,125,33,1401
orhanobut/dialogplus,5004,2014-12-12,9,1047,152,30,1678
apache/hudi,4998,2016-12-14,26,233355,32141,5652,203934
frogermcs/InstaMaterial,4997,2014-11-10,1,2223,383,123,795
spring-attic/spring-mvc-showcase,4997,2011-06-03,0,1281,300,70,548
yipianfengye/android-zxingLibrary,4993,2016-07-26,0,2018,245,69,293
TeamAmaze/AmazeFileManager,4992,2014-07-14,66,31849,3263,648,12654
rubensousa/GravitySnapHelper,4988,2016-08-31,14,610,51,14,463
DerekYRC/mini-spring,4975,2020-11-17,0,2472,508,182,757
JodaOrg/joda-time,4966,2011-05-16,47,91523,4775,1272,164382
amitshekhariitbhu/RxJava2-Android-Samples,4965,2016-08-27,0,3992,678,232,1163
jetlinks/jetlinks-community,4958,2020-01-02,18,43559,12128,1756,17318
Devlight/NavigationTabBar,4948,2016-03-29,13,2538,233,76,3335
OpenTSDB/opentsdb,4938,2010-08-27,26,103599,6736,1209,61823
traex/RippleEffect,4938,2014-10-14,0,504,65,26,440
web3j/web3j,4910,2016-09-04,108,39763,5070,2040,39201
deathmarine/Luyten,4903,2013-07-11,17,6750,303,199,1993
Ramotion/folding-cell-android,4888,2016-04-01,0,812,87,28,281
youlookwhat/CloudReader,4881,2016-11-20,25,19377,2333,716,9565
Doikki/DKVideoPlayer,4871,2017-04-11,32,18446,2008,600,17626
natario1/CameraView,4837,2017-07-18,42,21155,2989,734,18563
spring-cloud/spring-cloud-netflix,4834,2014-07-11,11,7694,1594,247,22591
andkulikov/Transitions-Everywhere,4832,2014-10-15,23,9485,1326,324,4964
jankotek/mapdb,4821,2012-08-17,0,20198,852,532,21526
react-native-linear-gradient/react-native-linear-gradient,4791,2015-03-31,18,488,98,31,203
reactor/reactor-core,4791,2015-11-10,163,199263,15570,3677,268919
citerus/dddsample-core,4786,2015-01-31,0,4728,1123,188,1112
saiwu-bigkoo/Android-ConvenientBanner,4774,2014-12-23,0,848,140,42,226
zhanglei-workspace/shopping-management-system,4772,2015-11-16,0,5353,341,132,7404
brianfrankcooper/YCSB,4767,2010-04-19,55,22046,1636,381,1797
etsy/AndroidStaggeredGrid,4763,2013-12-09,7,4010,211,67,5612
nayuki/QR-Code-generator,4749,2016-04-15,3,1825,75,27,372
traccar/traccar,4735,2012-04-16,48,66936,9776,3338,10216
roncoo/roncoo-pay,4730,2016-07-21,0,19910,2051,505,24797
reactive-streams/reactive-streams-jvm,4729,2014-02-28,0,15738,1433,586,9334
lugg/react-native-config,4727,2016-02-23,23,428,105,32,45
cglib/cglib,4726,2014-03-29,15,17670,1602,763,130375
hongyangAndroid/baseAdapter,4720,2015-08-03,0,1563,244,66,914
nisrulz/android-tips-tricks,4707,2016-08-25,0,22,1,1,0
spring-projects/spring-authorization-server,4690,2020-03-17,49,32570,6163,811,9584
spring-attic/spring-security-oauth,4688,2011-07-26,0,35204,6058,1601,13386
xuexiangjys/XUI,4686,2019-01-07,23,90921,9493,2748,87339
WuKongOpenSource/WukongCRM-11.0-JAVA,4681,2021-04-06,0,64304,13353,2158,23258
orientechnologies/orientdb,4680,2012-12-09,210,475102,34811,8524,1677616
kyleduo/SwitchButton,4680,2014-09-09,0,1543,118,38,2227
jgilfelt/chuck,4672,2017-02-07,5,1698,245,58,2341
Exrick/xpay,4670,2017-12-12,0,1449,135,21,1962
remkop/picocli,4668,2017-02-01,84,95169,8720,3218,173028
alibaba/jetcache,4667,2017-04-12,64,17983,2680,729,7025
wdullaer/MaterialDateTimePicker,4666,2015-01-03,54,7536,481,107,9317
apache/ignite,4658,2015-02-19,0,1102692,115838,34634,9578926
ronmamo/reflections,4653,2013-04-16,3,4782,546,227,2691
line/armeria,4634,2015-11-16,230,260958,35793,7502,206724
techGay/v9porn,4631,2018-04-12,9,24718,3655,995,36880
pmd/pmd,4611,2012-07-11,89,120237,19839,7491,94487
SplashCodes/JAViewer,4597,2016-05-21,10,6309,1036,286,2085
graphhopper/graphhopper,4596,2012-02-18,41,93685,9182,1733,42099
firebase/FirebaseUI-Android,4586,2015-07-09,65,13829,2923,575,3575
xuchengsheng/spring-reading,4581,2023-09-15,0,2165,545,211,127
CellularPrivacy/Android-IMSI-Catcher-Detector,4579,2013-11-23,48,12171,1270,334,1246
chentao0707/SimplifyReader,4568,2015-08-17,0,34709,2880,877,38106
bisq-network/bisq,4566,2014-03-12,135,173287,26816,6357,110338
tuguangquan/mybatis,4562,2014-11-03,0,39118,3880,1355,22305
Fuzion24/JustTrustMe,4551,2014-07-24,1,556,68,29,42
LWJGL/lwjgl3,4542,2012-12-23,18,898225,56222,19999,8709853
puniverse/quasar,4541,2013-03-27,18,52770,4569,2020,48560
jdamcd/android-crop,4541,2014-03-13,6,1676,133,43,821
jeequan/jeepay,4537,2017-08-12,0,16513,4742,961,2284
Flipboard/bottomsheet,4536,2015-04-23,10,2578,333,93,1881
runelite/runelite,4534,2016-04-30,0,218308,13128,2956,87311
javagrowing/JGrowing,4527,2019-02-26,0,329,29,19,37
jagrosh/MusicBot,4526,2016-08-14,35,3872,593,229,852
apache/rocketmq-externals,4523,2017-03-14,0,9956,1461,312,4091
alibaba/QLExpress,4520,2017-03-15,5,12385,1385,519,4133
alibaba/dexposed,4502,2015-06-30,0,2414,105,61,2982
JakeWharton/NineOldAndroids,4499,2011-12-08,0,7585,592,198,4160
castorflex/SmoothProgressBar,4496,2013-11-27,9,2208,233,59,1263
TheoKanning/openai-java,4463,2020-09-15,22,2783,889,179,2566
cjlin1/libsvm,4457,2013-09-10,0,3152,111,46,667
stleary/JSON-java,4456,2010-12-21,21,11334,279,109,25190
zlt2000/microservices-platform,4456,2019-03-07,30,7987,2294,449,2411
youlookwhat/DesignPattern,4452,2016-10-21,0,2603,500,252,281
Heeexy/SpringBoot-Shiro-Vue,4449,2017-11-17,0,633,156,38,255
react-native-webrtc/react-native-webrtc,4442,2015-09-27,71,4004,408,77,607
square/android-times-square,4437,2013-01-30,0,2286,214,58,1216
janishar/android-mvp-architecture,4431,2017-01-27,0,4049,849,202,2060
baomidou/dynamic-datasource,4423,2018-04-28,17,4789,787,189,399
brunodev85/winlator,4420,2023-07-26,8,17408,1748,419,7817
CaffeineMC/sodium-fabric,4415,2020-02-01,32,19178,3000,600,5858
SPLWare/esProc,4408,2021-11-09,0,429667,17677,5763,251600
dromara/hertzbeat,4395,2022-02-04,28,32555,4629,803,12993
Meituan-Dianping/Robust,4389,2017-03-14,13,2953,148,53,729
GeyserMC/Geyser,4386,2019-07-08,0,46292,7642,1982,31770
Tencent/GT,4383,2016-01-13,3,55246,4071,1352,14356
firebase/FirebaseUI-Android,4586,2015-07-09,65,13829,2923,575,3575
xuchengsheng/spring-reading,4581,2023-09-15,0,2165,545,211,127
CellularPrivacy/Android-IMSI-Catcher-Detector,4579,2013-11-23,48,12171,1270,334,1246
bisq-network/bisq,4566,2014-03-12,135,173287,26816,6357,110338
tuguangquan/mybatis,4562,2014-11-03,0,39118,3880,1355,22305
Fuzion24/JustTrustMe,4551,2014-07-24,1,556,68,29,42
LWJGL/lwjgl3,4542,2012-12-23,18,898225,56222,19999,8709853
puniverse/quasar,4541,2013-03-27,18,52770,4569,2020,48560
jdamcd/android-crop,4541,2014-03-13,6,1676,133,43,821
querydsl/querydsl,4538,2011-08-05,35,98628,16818,6423,138653
jeequan/jeepay,4537,2017-08-12,0,16513,4742,961,2284
Flipboard/bottomsheet,4536,2015-04-23,10,2578,333,93,1881
runelite/runelite,4534,2016-04-30,0,218308,13128,2956,87311
javagrowing/JGrowing,4527,2019-02-26,0,329,29,19,37
jagrosh/MusicBot,4526,2016-08-14,35,3872,593,229,852
apache/rocketmq-externals,4523,2017-03-14,0,9956,1461,312,4091
alibaba/QLExpress,4520,2017-03-15,5,12385,1385,519,4133
alibaba/dexposed,4502,2015-06-30,0,2414,105,61,2982
JakeWharton/NineOldAndroids,4499,2011-12-08,0,7585,592,198,4160
castorflex/SmoothProgressBar,4496,2013-11-27,9,2208,233,59,1263
HotBitmapGG/bilibili-android-client,4481,2016-06-01,1,38892,2751,1016,23920
TheoKanning/openai-java,4463,2020-09-15,22,2783,889,179,2566
cjlin1/libsvm,4457,2013-09-10,0,3152,111,46,667
stleary/JSON-java,4456,2010-12-21,21,11334,279,109,25190
zlt2000/microservices-platform,4456,2019-03-07,30,7987,2294,449,2411
youlookwhat/DesignPattern,4452,2016-10-21,0,2603,500,252,281
Heeexy/SpringBoot-Shiro-Vue,4449,2017-11-17,0,633,156,38,255
react-native-webrtc/react-native-webrtc,4442,2015-09-27,71,4004,408,77,607
square/android-times-square,4437,2013-01-30,0,2286,214,58,1216
janishar/android-mvp-architecture,4431,2017-01-27,0,4049,849,202,2060
baomidou/dynamic-datasource,4423,2018-04-28,17,4789,787,189,399
brunodev85/winlator,4420,2023-07-26,8,17408,1748,419,7817
CaffeineMC/sodium-fabric,4415,2020-02-01,32,19178,3000,600,5858
SPLWare/esProc,4408,2021-11-09,0,429667,17677,5763,251600
dromara/hertzbeat,4395,2022-02-04,28,32555,4629,803,12993
azkaban/azkaban,4392,2012-10-18,48,93837,8304,1735,45983
Meituan-Dianping/Robust,4389,2017-03-14,13,2953,148,53,729
GeyserMC/Geyser,4386,2019-07-08,0,46292,7642,1982,31770
Tencent/GT,4383,2016-01-13,3,55246,4071,1352,14356
phishman3579/java-algorithms-implementation,4377,2013-11-20,0,31758,1629,695,3095
robinhood/ticker,4375,2016-07-15,9,1581,143,41,856
chewiebug/GCViewer,4370,2011-10-23,5,20257,1525,629,14227
strimzi/strimzi-kafka-operator,4368,2016-05-06,133,125047,17221,2212,59562
Ashok-Varma/BottomNavigation,4357,2016-03-19,16,2091,226,43,2078
awangdev/leet-code,4356,2015-04-25,0,2163,171,84,89
PhilippC/keepass2android,4351,2017-09-20,27,67544,4316,1604,40591
bytedeco/javacpp,4340,2014-04-21,11,26168,1093,393,29976
liquibase/liquibase,4338,2011-07-08,93,95403,11376,3122,113135
JZ-Darkal/AndroidHttpCapture,4337,2016-10-15,1,15905,1496,451,11730
spring-cloud/spring-cloud-gateway,4336,2016-11-16,12,37548,7639,1515,18934
tianshiyeben/wgcloud,4321,2019-01-15,23,6105,713,141,4500
tiann/epic,4321,2017-05-22,5,5127,481,242,4529
krahets/LeetCode-Book,4320,2021-12-17,0,3121,344,258,22
bingoogolapple/BGARefreshLayout-Android,4313,2015-05-28,4,5450,834,228,1587
rubenlagus/TelegramBots,4313,2016-01-14,83,16608,5456,1377,5946
apache/calcite,4306,2014-06-25,0,338992,40685,9168,1723441
apache/nifi,4304,2014-12-12,0,656780,72374,15702,544639
dreamhead/moco,4304,2012-10-18,1,17542,3358,888,19997
mcxiaoke/android-volley,4300,2013-05-21,0,4965,672,250,2088
RedSpider1/concurrent,4299,2018-11-03,0,0,0,0,0
gz-yami/mall4j,4296,2019-07-04,4,6705,2323,438,1570
micrometer-metrics/micrometer,4290,2017-04-10,217,70552,9911,2233,34357
jeasonlzy/ImagePicker,4283,2016-01-27,5,3685,443,113,1754
aporter/coursera-android,4275,2014-01-05,0,18164,2583,912,2042
zq2599/blog_demos,4267,2017-04-09,0,51934,7284,2174,27544
grantland/android-autofittextview,4247,2011-02-14,1,470,43,11,326
apache/shiro,4245,2009-08-29,9,36524,5093,1826,20182
ongakuer/CircleIndicator,4243,2014-07-30,7,1712,293,73,383
648540858/wvp-GB28181-pro,4232,2020-11-14,0,34520,3959,556,65071
apache/iotdb,4223,2018-11-24,35,521940,46269,9666,603162
jindrapetrik/jpexs-decompiler,4216,2014-05-10,155,302484,21914,7000,210014
osmandapp/OsmAnd,4211,2011-01-15,1,643128,47663,9047,567228
bjmashibing/InternetArchitect,4206,2019-10-19,0,44604,3237,800,44065
981011512/--,4200,2020-06-18,0,338075,17954,14755,2232521
brianway/java-learning,4197,2016-02-09,0,10984,817,969,449
Freeyourgadget/Gadgetbridge,4191,2015-01-05,0,188044,18431,6038,137562
ikarus23/MifareClassicTool,4187,2013-02-12,7,6615,365,75,3475
Jacksgong/JKeyboardPanelSwitch,4185,2015-07-01,14,1736,260,65,369
killme2008/aviatorscript,4179,2011-03-29,50,36870,2423,769,31413
dunwu/db-tutorial,4170,2017-08-08,0,9608,1006,228,5675
bingoogolapple/BGABanner-Android,4160,2014-10-25,0,2123,265,84,1393
tonikelope/megabasterd,4159,2016-09-29,207,20673,555,299,17230
yhaolpz/FloatWindow,4157,2017-11-14,9,1473,166,56,428
eirslett/frontend-maven-plugin,4151,2013-08-30,0,3350,506,160,578
oracle/opengrok,4143,2013-01-07,265,69601,5908,1825,88242
baoyachi/StepView,4141,2016-06-22,13,906,111,33,238
pedrovgs/AndroidWiFiADB,4135,2015-10-18,8,1096,86,45,364
diffplug/spotless,4110,2015-04-27,0,32144,4156,1435,10441
AlmasB/FXGL,4108,2015-03-23,57,32399,3220,1018,21972
will-che/flink-recommandSystem-demo,4107,2019-05-15,0,1835,287,83,493
alibaba/Tangram-Android,4106,2017-03-29,38,24338,3019,963,13323
dinuscxj/LoadingDrawable,4086,2016-04-16,0,4428,423,94,1029
apache/maven,4085,2009-05-21,13,82057,10505,2631,101456
dromara/hmily,4082,2017-09-28,0,27504,4711,1070,9336
failsafe-lib/failsafe,4068,2015-06-30,0,10026,1520,491,4564
ant-media/Ant-Media-Server,4065,2017-03-01,52,84630,5724,1304,156753
ddd-by-examples/library,4061,2019-01-11,0,1770,835,128,668
mybatis/spring-boot-starter,4038,2015-09-25,30,4428,790,214,2831
jitsi/jitsi,4036,2013-04-24,7,196478,17500,6117,126665
JeremyLiao/LiveEventBus,3749,2018-07-11,0,7782,994,342,1243
knowm/XChange,3744,2012-02-02,0,157705,29902,7756,140601
stylefeng/Guns,3744,2017-07-06,0,328,133,26,180
timehop/sticky-headers-recyclerview,3742,2014-10-03,0,808,134,37,94
promeG/TinyPinyin,3717,2015-09-30,2,1399,134,71,569
willowtreeapps/spruce-android,3715,2017-02-23,3,4269,593,167,653
wendux/DSBridge-Android,3707,2017-01-02,2,1841,140,52,751
yanzhenjie/NoHttp,3707,2015-07-29,0,8428,1016,342,10408
ryanhoo/StylishMusicPlayer,3694,2016-09-13,0,5777,975,254,2564
yangfuhai/ASimpleCache,3681,2013-07-28,0,1993,129,42,1117
fishercoder1534/Leetcode,3672,2016-07-31,0,120494,6905,4376,1326
jMonkeyEngine/jmonkeyengine,3671,2014-03-20,60,199141,21210,5610,171653
apache/incubator-streampark,3667,2019-05-27,24,19714,3432,576,10617
Atmosphere/atmosphere,3665,2010-06-30,0,42052,4882,1175,41273
awaitility/awaitility,3657,2010-01-22,0,5324,536,203,2471
mcxtzhang/SwipeDelMenuLayout,3656,2016-08-25,2,1085,124,50,208
google/rejoiner,3656,2017-12-06,3,3566,867,206,645
jlegewie/zotfile,3656,2011-12-30,33,0,0,0,0
allure-framework/allure2,3655,2016-05-27,68,7855,1625,354,2940
stfalcon-studio/ChatKit,3655,2017-02-02,1,4680,623,313,3832
vaticle/typedb,3650,2016-07-11,114,87806,11568,3552,40366
lisawray/groupie,3641,2016-09-01,28,3898,474,170,2781
apache/incubator-heron,3639,2015-09-25,56,70465,9545,2456,34753
pingfangushi/screw,3634,2020-06-21,0,3941,678,184,713
ethanhua/Skeleton,3618,2017-07-30,0,752,123,41,152
KunMinX/Linkage-RecyclerView,3615,2019-04-22,0,2552,480,116,779
rockerhieu/emojicon,3611,2014-01-18,2,2971,201,61,264
Snailclimb/guide-rpc-framework,3608,2020-05-10,0,1560,386,92,96
yanzhenjie/AndServer,3601,2016-06-14,1,12029,1075,330,10283
ByteLegend/ByteLegend,3599,2021-02-01,0,104032,2059,296,214714
tyrantgit/ExplosionField,3597,2015-09-23,0,343,49,15,43
dongjunkun/DropDownMenu,3593,2015-06-23,2,513,86,26,41
networknt/light-4j,3587,2016-09-09,182,53927,4282,1107,24220
shuzijun/leetcode-editor,3581,2019-03-19,51,13215,1869,516,6034
nining377/dolby_beta,3579,2020-05-19,37,7301,767,269,1473
johncarl81/parceler,3562,2013-07-03,0,10156,2065,594,7299
tronprotocol/java-tron,3560,2017-12-26,76,141366,13977,2853,116205
linhaojun857/aurora,3556,2022-08-19,0,4956,2179,334,2170
arimorty/floatingsearchview,3548,2015-11-22,0,4170,482,159,3548
davideas/FlexibleAdapter,3546,2015-05-02,30,15853,1964,689,33353
bilibili/MagicaSakura,3544,2016-06-23,3,5367,697,141,2137
luontola/retrolambda,3539,2013-07-20,0,4848,594,339,2161
google/data-transfer-project,3538,2018-01-04,61,29341,5537,1016,5662
geoserver/geoserver,3534,2011-11-10,42,731092,85027,21643,509778
code4craft/netty-learning,3534,2013-09-19,0,68759,5894,1921,45686
JakeWharton/ThreeTenABP,3533,2015-07-03,0,117,30,10,10
nytimes/Store,3533,2016-11-29,0,11288,1798,453,4946
WVector/AppUpdate,3532,2017-06-19,3,2925,284,74,2377
dropbox/hackpad,3530,2015-08-14,0,87731,3150,1118,94273
andremion/Music-Player,3515,2016-05-06,2,926,141,56,161
googlemaps/android-maps-utils,3515,2013-05-17,42,13329,1431,344,7900
react-native-share/react-native-share,3512,2015-09-30,114,1755,223,82,349
baoyongzhang/SwipeMenuListView,3510,2014-08-24,2,1347,145,48,503
undertow-io/undertow,3506,2012-07-19,0,158682,15832,3795,110057
vert-x3/vertx-examples,3503,2015-02-24,0,8882,1864,670,525
ZHENFENG13/My-Blog,3496,2019-03-04,0,2411,276,61,1714
bitcoin-wallet/bitcoin-wallet,3495,2012-03-31,18,18187,2888,663,2142
codeestX/GeekNews,3491,2016-08-07,0,11939,2031,635,4394
uber/NullAway,3484,2017-09-01,14,19240,2196,612,21290
spockframework/spock,3483,2010-12-12,22,23627,3678,1000,23788
huburt-Hu/NewbieGuide,3460,2017-07-28,20,1896,336,92,814
201206030/novel-plus,3450,2020-05-02,23,14682,2511,478,18246
JCTools/JCTools,3448,2013-11-10,18,37082,3626,3080,15733
00-Evan/shattered-pixel-dungeon,3447,2014-07-31,46,135533,15128,7584,32025
sofastack/sofa-jraft,3446,2019-03-04,29,145619,9390,2211,113301
KingJA/LoadSir,3445,2017-09-02,6,1481,384,115,297
xcc3641/SeeWeather,3444,2016-02-20,2,3101,522,163,649
crossoverJie/SSM,3442,2016-06-21,10,12864,695,251,24155
FasterXML/jackson-databind,3436,2011-12-23,0,155458,18501,8416,124015
guolindev/giffun,3435,2019-01-28,0,22397,2573,611,12112
openhab/openhab1-addons,3433,2013-09-20,14,359292,30420,8099,810033
rubensousa/PreviewSeekBar,3427,2017-01-24,10,1166,130,27,648
fyhertz/libstreaming,3426,2013-01-30,0,6798,318,126,2073
jtablesaw/tablesaw,3423,2016-01-01,79,47849,4645,959,82256
sherxon/AlgoDS,3418,2016-12-16,0,21217,950,713,1002
ittianyu/BottomNavigationViewEx,3414,2016-11-12,19,1371,142,46,1454
yigit/android-priority-jobqueue,3408,2014-06-20,0,14102,1816,651,4108
spring-cloud/spring-cloud-kubernetes,3407,2016-12-13,14,31043,8064,1313,5388
alamkanak/Android-Week-View,3402,2014-09-17,4,2003,98,34,6435
anggrayudi/android-hidden-api,3393,2015-09-16,1,480,34,4,226
GitLqr/LQRWeChat,3387,2017-02-07,0,17612,1932,547,7309
zhkl0228/unidbg,3385,2019-02-26,14,89493,9029,2738,44726
helidon-io/helidon,3363,2018-08-27,94,339213,45954,11530,184456
Dimezis/BlurView,3361,2016-04-21,27,708,151,42,161
PlexPt/chatgpt-java,3360,2022-12-07,20,968,335,71,82
google/volley,3358,2017-01-24,9,9295,1199,392,2838
alibaba/fastjson2,3354,2022-04-17,48,385066,22604,10259,2634404
uber/AutoDispose,3354,2016-12-22,4,5399,1037,183,2762
lukas-krecan/ShedLock,3337,2016-12-11,0,10271,2107,720,2427
phodal/migration,3335,2020-01-08,0,101,17,12,1
spring-io/initializr,3331,2013-06-07,15,29866,4257,898,22316
google/bundletool,3327,2018-05-04,57,52103,8199,1076,67823
woxingxiao/BubbleSeekBar,3317,2016-11-03,12,1958,147,39,2751
spotbugs/spotbugs,3310,2016-11-04,61,210989,21067,6704,133698
WritingMinds/ffmpeg-android-java,3306,2014-09-11,8,1306,137,68,363
Mojang/brigadier,3304,2014-09-15,3,4309,563,98,3784
actorapp/actor-platform,3294,2015-06-21,97,134425,15950,4729,56451
dromara/dynamic-tp,3293,2022-01-07,13,14993,2410,648,9227
lihangleo2/ShadowLayout,3286,2019-07-09,27,2070,163,41,699
googlesamples/mlkit,3284,2020-05-28,1,9234,1350,266,1337
aragozin/jvm-tools,3280,2012-04-28,0,33940,2592,751,12843
microservices-patterns/ftgo-application,3278,2017-10-23,0,6868,1978,440,3031
Red5/red5-server,3278,2013-11-19,84,60815,4964,1312,42935
ferredoxin/QNotified,3277,2019-03-24,28,35481,3069,833,24409
eishay/jvm-serializers,3271,2010-04-25,0,31495,2337,665,16131
eleme/UETool,3257,2018-05-16,10,4165,634,197,900
java-aodeng/hope-boot,3257,2018-10-17,2,2870,687,153,759
UnevenSoftware/LeafPic,3255,2016-01-07,7,13594,1700,410,6139
apache/logging-log4j2,3252,2013-06-12,8,165755,18423,5077,155459
gouthampradhan/leetcode,3243,2017-03-09,0,19926,1002,624,702
BelooS/ChipsLayoutManager,3243,2016-08-03,11,6101,1210,313,4097
tangqi92/Android-Tips,3234,2015-09-10,0,177,7,7,4
LibrePDF/OpenPDF,3230,2016-07-11,69,96327,5889,1468,84648
ragunathjawahar/android-saripaar,3229,2012-09-08,3,4723,776,280,1745
jfinal/jfinal,3226,2012-04-25,0,32909,2606,844,43876
yacy/yacy_search_server,3224,2015-03-22,0,148705,7980,1885,58809
pengjianbo/GalleryFinal,3223,2015-09-21,4,7997,730,187,5965
apache/linkis,3222,2019-07-23,30,100636,12730,3443,85146
cSploit/android,3221,2014-10-04,33,22657,2155,777,8014
mbechler/marshalsec,3220,2017-05-22,0,2207,525,131,1044
android-notes/Cockroach,3219,2017-02-14,1,1562,184,67,190
fesh0r/fernflower,3217,2014-10-03,0,57394,2680,764,19785
guoguibing/librec,3215,2014-01-09,3,30216,3285,987,11807
alibaba/cobar,3211,2014-01-15,1,63193,5249,1840,43701
eclipse-openj9/openj9,3210,2017-08-25,43,642657,24432,11031,789613
AxonFramework/AxonFramework,3208,2011-12-02,121,130238,20208,4398,54069
daimajia/AndroidViewHover,3206,2014-08-08,4,712,68,23,1242
bauerca/drag-sort-listview,3198,2012-06-01,0,4301,306,138,2268
amitshekhariitbhu/PRDownloader,3196,2017-11-11,5,4709,374,167,1527
bilibili/boxing,3193,2017-01-22,1,5910,910,187,2865
LinShunKang/MyPerf4J,3190,2018-03-11,22,10871,1277,377,3321
crazyandcoder/citypicker,3183,2016-05-12,4,6571,644,200,5077
java8/Java8InAction,3177,2013-10-28,0,3724,339,209,505
nicolasgramlich/AndEngine,3176,2011-11-22,0,33585,2965,1320,43946
WuKongOpenSource/Wukong_HRM,3174,2023-10-17,0,44204,8251,1498,23228
Skykai521/StickerCamera,3170,2015-07-05,0,14361,1296,591,11963
zzz40500/GsonFormat,3169,2014-10-31,4,5684,297,153,5766
tchiotludo/akhq,3161,2018-09-09,39,16504,2243,353,8802
Aliucord/Aliucord,3161,2021-02-27,13,4948,574,119,6027
chrisbanes/ActionBar-PullToRefresh,3155,2013-06-04,0,3717,576,180,903
danylovolokh/VideoPlayerManager,3146,2015-07-09,0,4228,515,156,1183
hongyangAndroid/Highlight,3143,2015-10-08,0,964,156,51,427
wenbochang888/house,3140,2018-11-02,0,126,24,7,4
KeepSafe/ReLinker,3134,2015-10-15,12,1224,138,56,189
requery/requery,3133,2015-11-14,43,23679,3937,988,18743
airbnb/native-navigation,3129,2016-09-16,0,4473,611,149,3233
mmin18/RealtimeBlurView,3129,2016-09-21,0,676,95,27,87
evrencoskun/TableView,3120,2017-06-13,12,5170,712,174,6177
hitherejoe/animate,3119,2015-11-16,0,1706,357,104,215
Netflix/concurrency-limits,3111,2017-12-11,94,4795,581,161,958
mplushnikov/lombok-intellij-plugin,3109,2013-10-09,116,31847,5615,2340,20113
dunwu/javacore,3108,2017-08-18,0,20749,1077,1231,1932
florent37/ShapeOfView,3106,2018-02-18,0,2078,238,83,1335
zaaach/CityPicker,3105,2016-02-27,2,1295,190,63,275
bastillion-io/Bastillion,3078,2013-02-07,18,5129,464,85,2067
rbmonster/learning-note,3072,2020-06-15,0,13368,1444,772,1904
bethrobson/Head-First-Design-Patterns,3061,2014-04-28,0,9734,1138,687,1555
oblador/react-native-keychain,3060,2015-05-20,33,2491,393,96,2279
apache/curator,3059,2014-03-03,0,47870,6680,1566,15252
gabrielemariotti/RecyclerViewItemAnimators,3051,2014-08-22,0,2088,294,93,231
KeepSafe/dexcount-gradle-plugin,3051,2015-06-04,21,2550,328,93,1866
yarolegovich/SlidingRootNav,3050,2017-03-26,1,971,148,51,727
sofastack/sofa-jarslink,3044,2018-02-02,2,948,118,38,70
springdoc/springdoc-openapi,3043,2019-07-11,77,41679,11097,3521,28656
CrawlScript/WebCollector,3040,2014-07-12,0,4605,538,284,4795
react-native-google-signin/google-signin,3035,2015-08-13,59,620,87,23,111
TNG/ArchUnit,3032,2017-04-21,36,78733,13042,4597,143807
IrisShaders/Iris,3030,2020-10-22,127,38156,5602,1234,20039
Grt1228/chatgpt-java,3028,2023-02-11,10,3713,1276,212,2383
elvishew/xLog,3021,2015-12-17,16,4854,399,162,4760
jgilfelt/android-viewbadger,3021,2011-09-27,0,563,58,18,456
torakiki/pdfsam,3020,2013-09-24,57,19103,4427,889,2987
jd-alexander/LikeButton,3014,2015-12-23,14,781,102,23,373
keyboardsurfer/Crouton,3012,2012-08-03,8,1454,101,23,590
dmytrodanylyk/android-process-button,3010,2014-05-02,1,941,105,39,511
real-logic/simple-binary-encoding,3009,2013-09-03,83,25040,1252,208,62108
yui/yuicompressor,3009,2008-12-05,1,6075,58,22,1238
ltsopensource/light-task-scheduler,3000,2014-10-24,29,45904,4785,1508,27176
camunda/zeebe,2994,2016-03-20,259,285018,47956,10214,156909
JFormDesigner/FlatLaf,2994,2019-08-19,79,69002,3046,3019,51786
pedrovgs/DraggablePanel,2988,2014-04-13,10,1975,237,68,2333
smartloli/EFAK,2988,2017-02-04,0,7351,978,217,1163
bmelnychuk/AndroidTreeView,2983,2015-02-11,0,2145,256,65,2230
wildfly/wildfly,2981,2010-07-08,49,460753,86678,19139,247940
jackpal/Android-Terminal-Emulator,2976,2010-09-04,0,11869,675,222,8622
vran-dev/PrettyZoo,2976,2019-09-28,40,7302,899,194,2761
lovetuzitong/MultiImageSelector,2968,2015-04-08,2,1425,138,38,229
syncthing/syncthing-android,2959,2014-02-22,325,8421,915,240,1272
Tencent/VasDolly,2959,2017-01-19,16,1860,81,30,354
kermitt2/grobid,2956,2012-09-13,20,60277,2877,681,69311
HelloWorld521/Java,2955,2016-12-08,0,2697,472,176,632
stephanenicolas/robospice,2953,2012-09-19,1,14955,1538,677,4815
brianway/springmvc-mybatis-learning,2936,2016-03-10,0,5295,250,99,12843
sublimehq/Packages,2933,2015-06-13,0,364,14,16,172
AsamK/signal-cli,2932,2015-05-11,85,26243,3356,760,21857
janishar/android-mvvm-architecture,2928,2017-07-07,0,3077,650,172,1257
googlesamples/android-vision,2927,2015-07-01,0,5812,670,155,315
sockeqwe/AdapterDelegates,2915,2015-07-29,18,2458,415,169,425
jiajunhui/PlayerBase,2910,2017-03-28,18,12609,1513,377,9141
ngbdf/redis-manager,2910,2018-05-18,13,14556,1331,226,16672
mxdldev/android-mvp-mvvm-flytour,3137,2018-12-25,11,21364,1448,700,4971
KeepSafe/ReLinker,3134,2015-10-15,12,1224,138,56,189
requery/requery,3133,2015-11-14,43,23679,3937,988,18743
airbnb/native-navigation,3129,2016-09-16,0,4473,611,149,3233
zhou-you/RxEasyHttp,3124,2017-06-07,0,11670,1462,421,16946
evrencoskun/TableView,3120,2017-06-13,12,5170,712,174,6177
Netflix/concurrency-limits,3111,2017-12-11,94,4795,581,161,958
mplushnikov/lombok-intellij-plugin,3109,2013-10-09,116,31847,5615,2340,20113
dunwu/javacore,3108,2017-08-18,0,20749,1077,1231,1932
florent37/ShapeOfView,3106,2018-02-18,0,2078,238,83,1335
zaaach/CityPicker,3105,2016-02-27,2,1295,190,63,275
bastillion-io/Bastillion,3078,2013-02-07,18,5129,464,85,2067
rbmonster/learning-note,3072,2020-06-15,0,13368,1444,772,1904
JackyAndroid/AndroidChromium,3064,2016-07-04,2,139119,15503,3810,182955
bethrobson/Head-First-Design-Patterns,3061,2014-04-28,0,9734,1138,687,1555
oblador/react-native-keychain,3060,2015-05-20,33,2491,393,96,2279
apache/curator,3059,2014-03-03,0,47870,6680,1566,15252
gabrielemariotti/RecyclerViewItemAnimators,3051,2014-08-22,0,2088,294,93,231
bytedance/ByteX,3051,2020-01-10,3,19647,1814,610,5642
yarolegovich/SlidingRootNav,3050,2017-03-26,1,971,148,51,727
sofastack/sofa-jarslink,3044,2018-02-02,2,948,118,38,70
springdoc/springdoc-openapi,3043,2019-07-11,77,41679,11097,3521,28656
CrawlScript/WebCollector,3040,2014-07-12,0,4605,538,284,4795
JackyAndroid/AndroidTVLauncher,3038,2016-03-27,3,1086,167,43,465
xmuSistone/ViewpagerTransition,3038,2016-09-19,1,588,79,25,94
react-native-google-signin/google-signin,3035,2015-08-13,59,620,87,23,111
yusugomori/DeepLearning,3033,2013-01-01,0,1083,50,13,28
TNG/ArchUnit,3032,2017-04-21,36,78733,13042,4597,143807
IrisShaders/Iris,3030,2020-10-22,127,38156,5602,1234,20039
Grt1228/chatgpt-java,3028,2023-02-11,10,3713,1276,212,2383
szerhusenBC/jwt-spring-security-demo,3023,2016-03-20,3,549,171,41,163
elvishew/xLog,3021,2015-12-17,16,4854,399,162,4760
jgilfelt/android-viewbadger,3021,2011-09-27,0,563,58,18,456
torakiki/pdfsam,3020,2013-09-24,57,19103,4427,889,2987
jd-alexander/LikeButton,3014,2015-12-23,14,781,102,23,373
keyboardsurfer/Crouton,3012,2012-08-03,8,1454,101,23,590
dmytrodanylyk/android-process-button,3010,2014-05-02,1,941,105,39,511
real-logic/simple-binary-encoding,3009,2013-09-03,83,25040,1252,208,62108
yui/yuicompressor,3009,2008-12-05,1,6075,58,22,1238
ltsopensource/light-task-scheduler,3000,2014-10-24,29,45904,4785,1508,27176
camunda/zeebe,2994,2016-03-20,259,285018,47956,10214,156909
JFormDesigner/FlatLaf,2994,2019-08-19,79,69002,3046,3019,51786
AdoptOpenJDK/jitwatch,2992,2013-09-30,12,51232,2638,737,16623
facebookarchive/react-native-fbsdk,2992,2015-08-03,22,1241,258,65,408
pedrovgs/DraggablePanel,2988,2014-04-13,10,1975,237,68,2333
smartloli/EFAK,2988,2017-02-04,0,7351,978,217,1163
bmelnychuk/AndroidTreeView,2983,2015-02-11,0,2145,256,65,2230
jackpal/Android-Terminal-Emulator,2976,2010-09-04,0,11869,675,222,8622
vran-dev/PrettyZoo,2976,2019-09-28,40,7302,899,194,2761
EngineHub/WorldEdit,2971,2010-09-28,0,88892,10792,2103,50065
lovetuzitong/MultiImageSelector,2968,2015-04-08,2,1425,138,38,229
jasonross/Nuwa,2964,2015-11-11,0,130,20,10,12
syncthing/syncthing-android,2959,2014-02-22,325,8421,915,240,1272
Tencent/VasDolly,2959,2017-01-19,16,1860,81,30,354
kermitt2/grobid,2956,2012-09-13,20,60277,2877,681,69311
HelloWorld521/Java,2955,2016-12-08,0,2697,472,176,632
stephanenicolas/robospice,2953,2012-09-19,1,14955,1538,677,4815
sublimehq/Packages,2933,2015-06-13,0,364,14,16,172
AsamK/signal-cli,2932,2015-05-11,85,26243,3356,760,21857
HuanTanSheng/EasyPhotos,2929,2017-10-19,58,12122,1013,289,7238
janishar/android-mvvm-architecture,2928,2017-07-07,0,3077,650,172,1257
googlesamples/android-vision,2927,2015-07-01,0,5812,670,155,315
WeBankFinTech/DataSphereStudio,2916,2019-11-24,11,45005,5925,1908,38945
sockeqwe/AdapterDelegates,2915,2015-07-29,18,2458,415,169,425
jiajunhui/PlayerBase,2910,2017-03-28,18,12609,1513,377,9141
geftimov/android-pathview,2907,2015-01-20,2,814,100,28,195
iwgang/CountdownView,2907,2015-10-12,3,4441,279,97,962
fengjundev/Android-Skin-Loader,2901,2015-07-01,0,3423,389,117,974
javamelody/javamelody,2901,2015-06-21,53,50428,4217,1892,20725
AnyListen/tools-ocr,2893,2019-03-22,5,2898,231,53,756
jenly1314/ZXingLite,2891,2018-08-09,40,932,137,31,928
Pay-Group/best-pay-sdk,2887,2017-03-03,4,2687,397,114,324
liuyangming/ByteTCC,2886,2016-02-12,17,14793,1545,180,8892
udacity/Sunshine-Version-2,2879,2015-03-05,0,1692,207,48,334
OCNYang/Android-Animation-Set,2876,2018-03-23,0,1488,314,88,251
prometheus/jmx_exporter,2876,2014-02-25,24,6110,816,209,1251
javaee/jersey,2875,2012-05-18,30,249042,37034,11288,98938
nic-delhi/AarogyaSetu_Android,2874,2020-05-26,0,3906,465,100,2762
jenkinsci/blueocean-plugin,2873,2016-01-23,54,40062,7091,1755,15860
ManuelPeinado/FadingActionBar,2871,2013-05-25,0,1197,305,88,307
spring-projects/spring-data-jpa,2869,2010-11-11,120,35175,5790,1052,91943
google/binnavi,2861,2015-08-19,3,229006,38662,9614,164161
aserbao/AndroidCamera,2856,2018-05-04,1,33140,2221,676,12208
AweiLoveAndroid/CommonDevKnowledge,2856,2017-12-15,0,882,33,18,4098
MarkerHub/vueblog,2854,2020-05-14,0,386,153,32,25
SpecialCyCi/AndroidResideMenu,2852,2013-12-14,7,701,90,22,707
w446108264/XhsEmoticonsKeyboard,2850,2015-03-06,7,5625,802,216,2198
nanchen2251/RxJava2Examples,2848,2017-06-19,0,3713,492,342,1129
RobotiumTech/robotium,2845,2009-12-10,0,6058,382,94,1249
Teevity/ice,2843,2013-06-14,3,5153,497,110,830
YahooArchive/anthelion,2842,2015-10-27,0,35882,3997,782,5354
jprante/elasticsearch-jdbc,2841,2012-06-02,19,8057,466,156,8861
race604/FlyRefresh,2841,2015-05-28,2,1696,153,42,1167
TGX-Android/Telegram-X,2840,2021-08-17,2,403675,26212,3944,1473528
openaphid/android-flip,2840,2012-05-22,0,3686,391,123,1279
xiaojinzi123/Component,2837,2018-08-13,100,14475,1972,553,22384
saulmm/Android-Material-Examples,2835,2014-10-13,0,809,133,40,125
jiangqqlmj/FastDev4Android,2834,2015-10-22,4,17740,2006,734,10016
donglua/PhotoPicker,2831,2015-06-25,13,2904,321,86,1094
amitshekhariitbhu/awesome-android-complete-reference,2829,2016-06-15,0,64,13,4,16
javahongxi/whatsmars,1946,2016-04-01,19,26085,3011,970,9427
lets-mica/mica,1945,2019-01-23,68,17620,2467,570,48510
liaoinstan/SpringView,1937,2016-03-28,0,6303,785,255,4136
ratpack/ratpack,1937,2013-01-22,69,41471,5956,1501,39204
gre/gl-react-native-v2,1933,2015-08-17,11,1532,114,32,1007
seaswalker/jdk-sourcecode-analysis,1932,2016-11-02,0,907,27,21,216
xwjie/PLMCodeTemplate,1930,2017-04-02,0,2401,281,93,5052
willowtreeapps/Hyperion-Android,1929,2017-05-26,10,8389,1813,542,1567
fanrunqi/MaterialLogin,1928,2016-08-04,0,216,44,17,16
yaphone/itchat4j,1925,2017-04-05,2,2496,171,46,3361
spring-cloud/spring-cloud-config,1923,2014-06-13,14,25687,4177,809,9500
cbeust/jcommander,1921,2010-07-13,0,7196,912,405,11842
elastic/elasticsearch-hadoop,1920,2013-03-11,138,38880,4304,1077,24057
detro/ghostdriver,1918,2012-03-21,9,2509,354,122,460
evant/binding-collection-adapter,1917,2015-05-29,0,3042,476,132,542
psal/anonymouth,1917,2013-06-24,0,31021,1513,681,4360
devopshydclub/vprofile-project,1917,2020-09-24,0,859,146,27,1309
naver/ngrinder,1914,2012-06-19,17,31672,4657,1125,16898
ninjaframework/ninja,1912,2012-06-09,0,27932,3821,857,17399
ZongXR/SuperMarket,1911,2020-08-01,3,1536,477,97,261
dromara/raincat,1911,2017-09-01,0,7315,1426,310,3066
termux/termux-api,1910,2015-07-03,50,10693,860,214,621
LuckPerms/LuckPerms,1906,2016-05-22,0,47527,8746,1693,28199
x-ream/sqli,1906,2020-08-19,9,8868,858,253,7304
GoogleCloudPlatform/community,1905,2016-01-25,0,2580,394,72,372
Cleveroad/AdaptiveTableLayout,1905,2017-02-21,0,4281,348,89,1816
kongzue/DialogX,1904,2020-09-26,207,29312,2450,640,77805
Wizcorp/phonegap-facebook-plugin,1903,2011-05-31,11,38280,2695,869,22360
corona-warn-app/cwa-server,1901,2020-05-02,94,26033,6057,993,17682
qs-lll/ExpandingPager,1898,2016-06-19,0,497,114,36,58
xuxueli/xxl-sso,1898,2018-03-22,2,1956,184,44,345
FormidableLabs/react-native-app-auth,1895,2017-11-13,49,1256,145,32,300
sephiroth74/ImageViewZoom,1894,2012-06-14,0,1792,119,36,2262
ctripcorp/x-pipe,1894,2016-03-29,2,188952,29381,9197,105061
ZhaoKaiQiang/KLog,1894,2015-11-12,0,553,35,13,638
Ramotion/circle-menu-android,1892,2017-09-20,0,878,87,26,372
864381832/xJavaFxTool,1892,2017-08-27,11,1587,227,53,425
jdbi/jdbi,1888,2009-06-17,40,58191,11540,2975,42481
friendlyrobotnyc/TinyDancer,1888,2015-09-11,2,841,128,37,208
apache/tinkerpop,1887,2015-02-07,0,161756,22096,6169,259771
Kaopiz/android-segmented-control,1883,2014-02-06,0,2764,83,23,67
hapifhir/hapi-fhir,1881,2014-06-24,91,478080,61170,10124,370915
parse-community/Parse-SDK-Android,1877,2015-08-12,67,32660,2981,540,43666
kanwangzjm/funiture,1877,2016-03-06,0,7393,1287,267,3546
hitherejoe/Android-Boilerplate,1876,2015-04-03,0,1058,296,69,93
quarkusio/quarkus-quickstarts,1872,2018-12-03,0,8521,2846,747,1529
linger1216/labelview,1872,2015-02-13,3,1098,98,38,308
mcxtzhang/SuspensionIndexBar,1865,2016-09-06,0,1848,251,71,936
670848654/SakuraAnime,1864,2019-06-21,70,19919,2480,558,14118
mathew-kurian/TextJustify-Android,1863,2013-09-13,5,4004,380,168,2766
liyupi/sql-father-backend-public,1861,2022-10-19,0,2410,466,121,93
EssentialsX/Essentials,1861,2015-04-15,21,45888,5198,1063,152882
devzwy/open_nsfw_android,1860,2019-05-14,11,537,26,5,100
i2p/i2p.i2p,1860,2012-05-26,106,274669,16159,4971,197667
NordicSemiconductor/Android-BLE-Library,1858,2017-12-18,60,15689,2062,599,10879
spring2go/staffjoy,1851,2019-07-03,0,8485,2775,360,1238
mattdesl/lwjgl-basics,1850,2012-11-05,0,3255,248,69,4311
romainpiel/Titanic,1845,2014-03-14,0,268,31,10,133
felipecsl/AsymmetricGridView,1844,2014-04-08,0,1568,250,70,164
apache/bookkeeper,1844,2011-04-06,18,255350,24563,6778,192698
binarywang/weixin-java-mp-demo,1843,2016-10-27,0,399,176,43,4
Yalantis/FlipViewPager.Draco,1842,2015-04-10,0,623,59,25,241
alidili/Demos,1840,2017-06-20,0,4281,731,285,737
Ramotion/garland-view-android,1839,2017-08-11,0,1794,271,74,497
lyft/scissors,1838,2015-11-18,0,1525,211,40,262
react-native-community/react-native-template-typescript,1837,2018-03-05,95,267,65,22,35
flavienlaurent/datetimepicker,1836,2013-06-02,0,3306,243,58,593
wangdan/AisenWeiBo,1834,2014-10-10,0,59156,6991,1687,41671
fyhertz/spydroid-ipcamera,1830,2013-01-25,0,9137,640,217,2225
openhab/openhab-addons,1829,2014-05-13,4,791893,92620,23310,443658
asciidocfx/AsciidocFX,1826,2014-05-18,90,18068,2438,433,34435
RichardWarburton/java-8-lambdas-exercises,1824,2014-02-09,0,3486,497,260,873
fabric8io/docker-maven-plugin,1824,2014-03-26,26,30453,2945,629,25906
sucese/android-interview-guide,1823,2018-03-17,0,18,7,4,0
REBOOTERS/AndroidAnimationExercise,1823,2016-08-08,0,39791,4177,1243,18917
googleapis/google-cloud-java,1821,2014-11-04,462,25005135,1224800,171097,36162036
wszf/androrat,1821,2014-02-15,0,8914,722,282,5096
hellokaton/wechat-api,1820,2014-11-06,3,2261,282,75,417
danfickle/openhtmltopdf,1819,2015-11-04,0,53684,4505,1771,79459
JakeWharton/ProcessPhoenix,1819,2015-07-08,0,212,42,14,21
AndroidIDEOfficial/AndroidIDE,1819,2021-07-20,19,463928,40792,10623,447154
goldmansachs/gs-collections,1817,2011-12-23,15,183676,23138,5562,588497
stfalcon-studio/FrescoImageViewer,1816,2016-08-29,0,1804,266,83,608
geometer/FBReaderJ,1815,2010-09-29,0,75101,7196,2744,72760
signalapp/libsignal-protocol-java,1814,2014-12-08,0,4789,617,167,1447
lygttpod/AndroidCustomView,1811,2016-12-09,0,5535,550,178,2432
videlalvaro/gifsockets,1810,2012-09-14,0,1246,16,5,149
redsolution/xabber-android,1810,2013-01-29,28,64855,8334,2052,60492
waylau/netty-4-user-guide-demos,1809,2015-02-11,1,4374,836,273,344
blossom-editor/blossom,1807,2023-08-07,14,13067,2424,576,3030
franmontiel/PersistentCookieJar,1798,2016-02-11,0,552,69,17,44
EsotericSoftware/kryonet,1797,2013-11-06,1,7358,649,288,1272
jcoleman/tomcat-redis-session-manager,1793,2011-08-04,0,1292,106,28,2319
chaychan/TouTiao,1791,2017-07-18,0,7463,872,277,3172
Jstarfish/JavaKeeper,1791,2019-09-03,0,0,0,0,0
notnoop/java-apns,1791,2009-11-14,5,5530,488,156,2684
SuperMonster003/AutoJs6,1790,2021-12-01,15,43573,3972,1206,25154
googlearchive/firebase-jobdispatcher-android,1789,2016-05-18,12,5996,1040,187,1495
alibaba/testable-mock,1789,2020-11-10,0,8411,709,308,4991
macrozheng/mall-tiny,1787,2019-08-10,1,1819,505,97,1164
